artwork_id,catalog_title,catalog_artist,object_type,source_provider,source_page,source_identifier,source_filename,local_cached_asset_path,rights_status,license,match_method,wikidata_label,wikidata_inventory,wikidata_p18,wikidata_louvre_linked,identity_evidence,identity_status,token_overlap,title_overlap
cl010062370,"Portrait de Lisa Gherardini, épouse de Francesco del Giocondo, dit La Joconde ou Monna Lisa","Léonard de Vinci (Leonardo di ser Piero da Vinci, dit Leonardo da Vinci)",,wikimedia_commons,"https://commons.wikimedia.org/wiki/File:Mona_Lisa,_by_Leonardo_da_Vinci,_from_C2RMF_natural_color.jpg",Q12418,"Mona_Lisa,_by_Leonardo_da_Vinci,_from_C2RMF_natural_color.jpg",exports\louvre\recognition_assets\cache\cl010062370.jpg,APPROVED,Public domain,wikidata_p217_inventory_exact,Mona Lisa,INV 779;MR 316,"Mona Lisa, by Leonardo da Vinci, from C2RMF natural color.jpg",True,curated landmark Wikidata QID and P18 file agree,VERIFIED,0.15,0.0667
cl010252531,Victoire de Samothrace,,,wikimedia_commons,https://commons.wikimedia.org/wiki/File:Victoire_de_Samothrace_-_Musee_du_Louvre_-_20190812.jpg,Q216402,Victoire_de_Samothrace_-_Musee_du_Louvre_-_20190812.jpg,exports\louvre\recognition_assets\cache\cl010252531.jpg,APPROVED,CC0,wikidata_p217_inventory_exact,Winged Victory of Samothrace,Ma 2369,La victoire de Samothrace au Louvre.jpg;Victoire de Samothrace - Musee du Louvre - 20190812.jpg,True,insufficient strong identity evidence,UNRESOLVED,0.1538,0.2857
cl010277627,Vénus de Milo,,,wikimedia_commons,https://commons.wikimedia.org/wiki/File:V%C3%A9nus_de_Milo_-_Mus%C3%A9e_du_Louvre_AGER_LL_299_;_N_527_;_Ma_399.jpg,Q151952,Vénus_de_Milo_-_Musée_du_Louvre_AGER_LL_299_;_N_527_;_Ma_399.jpg,exports\louvre\recognition_assets\cache\cl010277627.jpg,APPROVED,CC0,wikidata_p217_inventory_exact,Venus de Milo,LL 299;Ma 399;N 527,Vénus de Milo - Musée du Louvre AGER LL 299 ; N 527 ; Ma 399.jpg,False,insufficient strong identity evidence,UNRESOLVED,0.1429,0.25
cl010059199,Le radeau de la Méduse,"Géricault, Théodore",,wikimedia_commons,"https://commons.wikimedia.org/wiki/File:JEAN_LOUIS_TH%C3%89ODORE_G%C3%89RICAULT_-_La_Balsa_de_la_Medusa_(Museo_del_Louvre,_1818-19).jpg",Q212616,"JEAN_LOUIS_THÉODORE_GÉRICAULT_-_La_Balsa_de_la_Medusa_(Museo_del_Louvre,_1818-19).jpg",exports\louvre\recognition_assets\cache\cl010059199.jpg,APPROVED,Public domain,wikidata_p217_inventory_exact,The Raft of the Medusa,INV 4884,"JEAN LOUIS THÉODORE GÉRICAULT - La Balsa de la Medusa (Museo del Louvre, 1818-19).jpg",False,curated landmark Wikidata QID and P18 file agree,VERIFIED,0.1333,0.0
cl010062239,"Le serment des Horaces, entre les mains de leur père","David, Jacques-Louis",,wikimedia_commons,https://commons.wikimedia.org/wiki/File:Le_Serment_des_Horaces_-_Jacques-Louis_David_-_Mus%C3%A9e_du_Louvre_Peintures_INV_3692_;_MR_1432.jpg,Q476458,Le_Serment_des_Horaces_-_Jacques-Louis_David_-_Musée_du_Louvre_Peintures_INV_3692_;_MR_1432.jpg,exports\louvre\recognition_assets\cache\cl010062239.jpg,APPROVED,Public domain,wikidata_p217_inventory_exact,The Oath of the Horatii,INV 3692;INV. 3692;MR 1432,Le Serment des Horaces - Jacques-Louis David - Musée du Louvre Peintures INV 3692 ; MR 1432.jpg,False,Wikidata P217 inventory + P18 file + strong title/metadata agreement,VERIFIED,0.3333,0.1176
cl010064382,Les Noces de Cana,"Paolo Caliari, dit Veronese",,wikimedia_commons,https://commons.wikimedia.org/wiki/File:Les_Noces_de_Cana_-_Paolo_Veronese_-_Mus%C3%A9e_du_Louvre_Peintures_INV_142_;_MR_384.jpg,Q185255,Les_Noces_de_Cana_-_Paolo_Veronese_-_Musée_du_Louvre_Peintures_INV_142_;_MR_384.jpg,exports\louvre\recognition_assets\cache\cl010064382.jpg,APPROVED,Public domain,wikidata_p217_inventory_exact,The Wedding at Cana,INV 142;MR 384,Les Noces de Cana - Paolo Veronese - Musée du Louvre Peintures INV 142 ; MR 384.jpg,False,curated landmark Wikidata QID and P18 file agree,VERIFIED,0.3846,0.1818
cl010065566,"Une odalisque, dite La grande odalisque","Ingres, Jean-Auguste-Dominique",,wikimedia_commons,https://commons.wikimedia.org/wiki/File:La_grande_odalisque_-_Jean-Auguste_Dominique_Ingres_-_Mus%C3%A9e_du_Louvre_Peintures_RF_1158.jpg,Q1978815,La_grande_odalisque_-_Jean-Auguste_Dominique_Ingres_-_Musée_du_Louvre_Peintures_RF_1158.jpg,exports\louvre\recognition_assets\cache\cl010065566.jpg,APPROVED,Public domain,wikidata_p217_inventory_exact,Grande Odalisque,RF 1158,La grande odalisque - Jean-Auguste Dominique Ingres - Musée du Louvre Peintures RF 1158.jpg,False,Wikidata P217 inventory + P18 file + strong title/metadata agreement,VERIFIED,0.6364,0.2
cl010091976,L'Amour et Psyché à demi couchée,"Canova, Antonio",,wikimedia_commons,https://commons.wikimedia.org/wiki/File:0_Psych%C3%A9_ranim%C3%A9e_par_le_baiser_de_l%27Amour_-_Canova_-_Louvre_1.JPG,Q517408,0_Psyché_ranimée_par_le_baiser_de_l'Amour_-_Canova_-_Louvre_1.JPG,exports\louvre\recognition_assets\cache\cl010091976.jpg,APPROVED,CC BY 4.0,wikidata_p217_inventory_exact,Psyche Revived by Cupid's Kiss,MR 1777,0 Psyché ranimée par le baiser de l'Amour - Canova - Louvre 1.JPG,False,insufficient strong identity evidence,UNRESOLVED,0.1304,0.1667
cl010065872,Le 28 juillet 1830. La Liberté guidant le peuple,"Delacroix, Eugène",,wikimedia_commons,https://commons.wikimedia.org/wiki/File:La_Libert%C3%A9_guidant_le_peuple_-_Eug%C3%A8ne_Delacroix_-_Mus%C3%A9e_du_Louvre_Peintures_RF_129_-_apr%C3%A8s_restauration_2024.jpg,Q29530,La_Liberté_guidant_le_peuple_-_Eugène_Delacroix_-_Musée_du_Louvre_Peintures_RF_129_-_après_restauration_2024.jpg,exports\louvre\recognition_assets\cache\cl010065872.jpg,APPROVED,Public domain,wikidata_p217_inventory_exact,Liberty Leading the People,RF 129,La Liberté guidant le peuple - Eugène Delacroix - Musée du Louvre Peintures RF 129 - après restauration 2024.jpg,False,Wikidata P217 inventory + P18 file + strong title/metadata agreement,VERIFIED,0.3333,0.1765
cl010066107,"La Vierge, l'Enfant Jésus et sainte Anne, dit La Sainte Anne","Léonard de Vinci (Leonardo di ser Piero da Vinci, dit Leonardo da Vinci)",,wikimedia_commons,https://commons.wikimedia.org/wiki/File:Sainte_Anne_Leonard.jpg,Q563727,Sainte_Anne_Leonard.jpg,exports\louvre\recognition_assets\cache\cl010066107.jpg,APPROVED,Public domain,wikidata_p217_inventory_exact,The Virgin and Child with Saint Anne,INV 776;MR 319,Leonardo da Vinci - Virgin and Child with St Anne C2RMF retouched.jpg;Sainte Anne Leonard.jpg,False,Wikidata P217 inventory + P18 file + strong title/metadata agreement,VERIFIED,0.3333,0.2222
cl010065720,"Le Couronnement de l'empereur Napoléon Ier et de l'impératrice Joséphine dans la cathédrale Notre-Dame de Paris, le 2 décembre 1804.","David, Jacques-Louis",,wikimedia_commons,https://commons.wikimedia.org/wiki/File:Le_Sacre_de_Napol%C3%A9on_-_Jacques-Louis_David_-_Mus%C3%A9e_du_Louvre_Peintures_INV_3699_;_MR_1437.jpg,Q1231009,Le_Sacre_de_Napoléon_-_Jacques-Louis_David_-_Musée_du_Louvre_Peintures_INV_3699_;_MR_1437.jpg,exports\louvre\recognition_assets\cache\cl010065720.jpg,APPROVED,Public domain,wikidata_p217_inventory_exact,The Coronation of Napoleon,INV 3699;MR 1437,Le Sacre de Napoléon - Jacques-Louis David - Musée du Louvre Peintures INV 3699 ; MR 1437.jpg,False,insufficient strong identity evidence,UNRESOLVED,0.2,0.0417
cl010327133,Paon : élément d'automate,Abd al-Malik al-Nasrani,,wikimedia_commons,"https://commons.wikimedia.org/wiki/File:Spagna,_acquamanile_a_forma_di_pavone_reale,_972,_lega_di_rame,.JPG",Q122445884,"Spagna,_acquamanile_a_forma_di_pavone_reale,_972,_lega_di_rame,.JPG",exports\louvre\recognition_assets\cache\cl010327133.jpg,APPROVED,CC BY-SA 3.0,wikidata_p217_inventory_exact,"Paon, élément d'automate",MR 1569,"Spagna, acquamanile a forma di pavone reale, 972, lega di rame,.JPG",False,insufficient strong identity evidence,UNRESOLVED,0.1667,0.2727
cl010329191,Bassin au nom du sultan al-'Adil II Abu Bakr,Ahmad ibn 'Umar al-Dhaki al-Mawsili,,wikimedia_commons,https://commons.wikimedia.org/wiki/File:Bassin_au_nom_du_sultan_al-%27Adil_II_Ab%C3%BB_Bakr_-_Ahmad_ibn_%27Umar_al-Dhaki_al-Mawsili_-_Mus%C3%A9e_du_Louvre_Arts_de_l%27Islam_OA_5991.jpg,Q122421866,Bassin_au_nom_du_sultan_al-'Adil_II_Abû_Bakr_-_Ahmad_ibn_'Umar_al-Dhaki_al-Mawsili_-_Musée_du_Louvre_Arts_de_l'Islam_OA_5991.jpg,exports\louvre\recognition_assets\cache\cl010329191.jpg,APPROVED,CC0,wikidata_p217_inventory_exact,Basin with the name of  Sultan al-'Adil II Abû Bakr,OA 5991,Bassin au nom du sultan al-'Adil II Abû Bakr - Ahmad ibn 'Umar al-Dhaki al-Mawsili - Musée du Louvre Arts de l'Islam OA 5991.jpg,False,Wikidata P217 inventory + P18 file + strong title/metadata agreement,VERIFIED,0.65,0.3333
cl010063515,L'Amour et Psyché,"Picot, François Édouard",,wikimedia_commons,"https://commons.wikimedia.org/wiki/File:Fran%C3%A7ois-%C3%A9douard_picot,_amore_e_psiche,_1817,_01.jpg",Q29842284,"François-édouard_picot,_amore_e_psiche,_1817,_01.jpg",exports\louvre\recognition_assets\cache\cl010063515.jpg,APPROVED,CC BY 3.0,wikidata_p217_inventory_exact,Amor and Psyche,RF 2608,"François-édouard picot, amore e psiche, 1817, 01.jpg",False,Wikidata P217 inventory + P18 file + strong title/metadata agreement,VERIFIED,0.3333,0.1111
cl010315397,Plat à inscription rayonnante,,,wikimedia_commons,https://commons.wikimedia.org/wiki/File:Dish_epigraphic_Louvre_AA96.jpg,Q15934374,Dish_epigraphic_Louvre_AA96.jpg,exports\louvre\recognition_assets\cache\cl010315397.jpg,APPROVED,Public domain,wikidata_p217_inventory_exact,Samanid pottery,AA 96,Dish epigraphic Louvre AA96.jpg,False,old P217 match lacks Louvre collection/location constraint; source title/filename/attribution disagree with catalog identity,QUARANTINED_MISMATCH,0.0,0.0
cl010327142,Aiguière à décor d'oiseaux affrontés et inscription coufique,,,wikimedia_commons,https://commons.wikimedia.org/wiki/File:Ewer_birds_Louvre_MR333.jpg,Q2827905,Ewer_birds_Louvre_MR333.jpg,exports\louvre\recognition_assets\cache\cl010327142.jpg,APPROVED,Public domain,wikidata_p217_inventory_exact,Ewer with birds,MR 333,Ewer birds Louvre MR333.jpg,False,old P217 match lacks Louvre collection/location constraint; source title/filename/attribution disagree with catalog identity,QUARANTINED_MISMATCH,0.0,0.0
cl010329343,Chandelier aux canards,,,wikimedia_commons,"https://commons.wikimedia.org/wiki/File:Iran,_khorasan,_candeliere_monumentale_con_anatre,_1150-1200_ca,_rame_01.JPG",Q97172954,"Iran,_khorasan,_candeliere_monumentale_con_anatre,_1150-1200_ca,_rame_01.JPG",exports\louvre\recognition_assets\cache\cl010329343.jpg,APPROVED,CC BY 3.0,wikidata_p217_inventory_exact,Duck candlestick,OA 6315,"Iran, khorasan, candeliere monumentale con anatre, 1150-1200 ca, rame 01.JPG",False,old P217 match lacks Louvre collection/location constraint; source title/filename/attribution disagree with catalog identity,QUARANTINED_MISMATCH,0.0,0.0
cl010333267,Porche d'une demeure mamlouke au Caire (Qasr Rumi),,,wikimedia_commons,https://commons.wikimedia.org/wiki/File:Porche_d%27une_demeure_mamlouke_au_Caire_-_Mus%C3%A9e_du_Louvre_Arts_de_l%27Islam_-_Arts_d%C3%A9coratifs_AD_RI_2003_26_1.jpg,Q14549112,Porche_d'une_demeure_mamlouke_au_Caire_-_Musée_du_Louvre_Arts_de_l'Islam_-_Arts_décoratifs_AD_RI_2003_26_1.jpg,exports\louvre\recognition_assets\cache\cl010333267.jpg,APPROVED,CC0,wikidata_p217_inventory_exact,Porche Mamlouk,AD RI 2003/26 -1;UCAD RI 2003/26 -1,Porche d'une demeure mamlouke au Caire - Musée du Louvre Arts de l'Islam - Arts décoratifs AD RI 2003 26 1.jpg,False,Wikidata P217 inventory + P18 file + strong title/metadata agreement,VERIFIED,0.4,0.3077
cl010059215,"Portrait de Juliette Récamier, née Bernard (1777-1849)","David, Jacques-Louis",,wikimedia_commons,"https://commons.wikimedia.org/wiki/File:Juliette_R%C3%A9camier,_n%C3%A9e_Bernard_-_Jacques-Louis_David_-_Mus%C3%A9e_duLouvre_Peintures_INV_3708.jpg",Q2619037,"Juliette_Récamier,_née_Bernard_-_Jacques-Louis_David_-_Musée_duLouvre_Peintures_INV_3708.jpg",exports\louvre\recognition_assets\cache\cl010059215.jpg,APPROVED,Public domain,wikidata_p217_inventory_exact,Portrait of Madame Récamier,INV 3708,"Juliette Récamier, née Bernard - Jacques-Louis David - Musée duLouvre Peintures INV 3708.jpg",False,Wikidata P217 inventory + P18 file + strong title/metadata agreement,VERIFIED,0.5294,0.3125
cl010059373,Médée furieuse,"Delacroix, Eugène",,wikimedia_commons,https://commons.wikimedia.org/wiki/File:Eug%C3%A8ne_Delacroix_-_Medea_about_to_Kill_her_Children_-_Mus%C3%A9e_du_Louvre.jpg,Q5573243,Eugène_Delacroix_-_Medea_about_to_Kill_her_Children_-_Musée_du_Louvre.jpg,exports\louvre\recognition_assets\cache\cl010059373.jpg,APPROVED,Public domain,wikidata_p217_inventory_exact,Medea about to Kill her Children,RF 1402,Eugène Delacroix - Medea about to Kill her Children - Musée du Louvre.jpg,False,insufficient strong identity evidence,UNRESOLVED,0.1538,0.0
cl010104474,Plaque : Cérès et Psyché,"Limosin, Léonard",,wikimedia_commons,https://commons.wikimedia.org/wiki/File:C%C3%A9r%C3%A8s_et_Psych%C3%A9_-_L%C3%A9onard_Limosin_-_Mus%C3%A9e_du_Louvre_Objets_d%27art_R_282.jpg,Q123382657,Cérès_et_Psyché_-_Léonard_Limosin_-_Musée_du_Louvre_Objets_d'art_R_282.jpg,exports\louvre\recognition_assets\cache\cl010104474.jpg,APPROVED,Public domain,wikidata_p217_inventory_exact,Cérès et Psyché,R 282,Cérès et Psyché - Léonard Limosin - Musée du Louvre Objets d'art R 282.jpg,False,Wikidata P217 inventory + P18 file + strong title/metadata agreement,VERIFIED,0.3333,0.2
cl010062290,"Portrait d'homme, dit L'Homme au gant","Titien (Tiziano Vecellio, dit Tiziano ou)",,wikimedia_commons,https://commons.wikimedia.org/wiki/File:Tizian_079.jpg,Q1848811,Tizian_079.jpg,exports\louvre\recognition_assets\cache\cl010062290.jpg,APPROVED,Public domain,wikidata_p217_inventory_exact,Man with a Glove,INV 757;MR 507,Tizian 079.jpg,False,old P217 match lacks Louvre collection/location constraint; source title/filename/attribution disagree with catalog identity,QUARANTINED_MISMATCH,0.0,0.0
cl010062308,"Melchior Von Brauweiler (1514-1569), magistrat de Cologne","Calcar, Giovanni (Jan Stephan Calcar, dit)",,wikimedia_commons,"https://commons.wikimedia.org/wiki/File:Calcar,_Giovanni_(dit_Jan_Stephan_Calcar)_%E2%80%93_Melchior_Von_Brauweiler,_magistrat_de_Cologne_%E2%80%93_D%C3%A9partement_des_Peintures,_Louvre.jpg",Q18573211,"Calcar,_Giovanni_(dit_Jan_Stephan_Calcar)_–_Melchior_Von_Brauweiler,_magistrat_de_Cologne_–_Département_des_Peintures,_Louvre.jpg",exports\louvre\recognition_assets\cache\cl010062308.jpg,APPROVED,Public domain,wikidata_p217_inventory_exact,Portrait of Melchior von Brauweiler,INV 134;MR 497,"Calcar, Giovanni (dit Jan Stephan Calcar) – Melchior Von Brauweiler, magistrat de Cologne – Département des Peintures, Louvre.jpg",False,Wikidata P217 inventory + P18 file + strong title/metadata agreement,VERIFIED,0.6875,0.3333
cl010066647,Ecce Homo,"Titien (Tiziano Vecellio, dit Tiziano ou)",,wikimedia_commons,https://commons.wikimedia.org/wiki/File:Ecce_homo_-_Titien_-_Q18573224.jpg,Q18573224,Ecce_homo_-_Titien_-_Q18573224.jpg,exports\louvre\recognition_assets\cache\cl010066647.jpg,APPROVED,Public domain,wikidata_p217_inventory_exact,Ecce Homo,INV 747;MR 522,Ecce homo - Titien - Q18573224.jpg,False,Wikidata P217 inventory + P18 file + strong title/metadata agreement,VERIFIED,0.3,0.5
cl010091989,Nymphe de la chasse,"Coustou, Nicolas",,wikimedia_commons,"https://commons.wikimedia.org/wiki/File:Nymphe_de_la_chasse,_dite_aussi_Nymphe_au_carquois_-_Nicolas_Coustou_-_Mus%C3%A9e_du_Louvre_Sculptures_MR_1799.jpg",Q87457745,"Nymphe_de_la_chasse,_dite_aussi_Nymphe_au_carquois_-_Nicolas_Coustou_-_Musée_du_Louvre_Sculptures_MR_1799.jpg",exports\louvre\recognition_assets\cache\cl010091989.jpg,APPROVED,CC0,wikidata_p217_inventory_exact,Nymphe de la chasse,MR 1799,"Nymphe de la chasse, dite aussi Nymphe au carquois - Nicolas Coustou - Musée du Louvre Sculptures MR 1799.jpg",False,Wikidata P217 inventory + P18 file + strong title/metadata agreement,VERIFIED,0.2941,0.2
cl010091111,Compagne de Diane,"Poultier, Jean Baptiste",,wikimedia_commons,"https://commons.wikimedia.org/wiki/File:Compagne_de_Diane_(Louvre,_ENT_2005.5).jpg",Q138927375,"Compagne_de_Diane_(Louvre,_ENT_2005.5).jpg",exports\louvre\recognition_assets\cache\cl010091111.jpg,APPROVED,Public domain,wikidata_p217_inventory_exact,Compagne de Diane,ENT 2005.05,"Compagne de Diane (Louvre, ENT 2005.5).jpg",False,Wikidata P217 inventory + P18 file + strong title/metadata agreement,VERIFIED,0.125,0.4
cl010060616,La Messe pontificale,"Le Nain, Antoine",,wikimedia_commons,"https://commons.wikimedia.org/wiki/File:Le_Nain_(attribu%C3%A9)_-_UN_EVEQUE_MONTANT_A_L%27AUTEL,_DIT_LA_PROCESSION,_INV_6841.jpg",Q29847281,"Le_Nain_(attribué)_-_UN_EVEQUE_MONTANT_A_L'AUTEL,_DIT_LA_PROCESSION,_INV_6841.jpg",exports\louvre\recognition_assets\cache\cl010060616.jpg,APPROVED,Public domain,wikidata_p217_inventory_exact,Un évêque montant à l'autel,INV 6841;MR 1996,"Le Nain (attribué) - UN EVEQUE MONTANT A L'AUTEL, DIT LA PROCESSION, INV 6841.jpg",False,old P217 match lacks Louvre collection/location constraint; source title/filename/attribution disagree with catalog identity,QUARANTINED_MISMATCH,0.0714,0.0
cl010060811,Canal (ou rivière?) gelé avec patineurs et joueurs de hoquet,"Velde, Adriaen van de",,wikimedia_commons,https://commons.wikimedia.org/wiki/File:Adriaen_van_de_Velde_-_Frozen_Canal_with_Skaters_and_Hockey_Players_-_WGA24483.jpg,Q29655614,Adriaen_van_de_Velde_-_Frozen_Canal_with_Skaters_and_Hockey_Players_-_WGA24483.jpg,exports\louvre\recognition_assets\cache\cl010060811.jpg,APPROVED,Public domain,wikidata_p217_inventory_exact,Frozen Canal with Skaters and Hockey Players,INV 1920;MR 1079,Adriaen van de Velde - Frozen Canal with Skaters and Hockey Players - WGA24483.jpg,False,insufficient strong identity evidence,UNRESOLVED,0.2353,0.0667
cl010061685,"Fleurs dans une carafe de cristal, avec une branche de pois et un escargot","Mignon, Abraham",,wikimedia_commons,https://commons.wikimedia.org/wiki/File:Abraham_Mignon_-_Flowers_in_a_glass_vase_on_a_stone_ledge.jpeg,Q29647933,Abraham_Mignon_-_Flowers_in_a_glass_vase_on_a_stone_ledge.jpeg,exports\louvre\recognition_assets\cache\cl010061685.jpg,APPROVED,Public domain,wikidata_p217_inventory_exact,Flowers in a glass vase on a stone ledge,INV 1555;MR 868,Abraham Mignon - Flowers in a glass vase on a stone ledge.jpeg,False,insufficient strong identity evidence,UNRESOLVED,0.1176,0.0
cl010061942,"Portrait présumé de Claes Jobsz. Coster (1581-1605), fils de Job C. Coster","Pietersz, Pieter",,wikimedia_commons,"https://commons.wikimedia.org/wiki/File:Toegeschreven_aan_Pieter_Pietersz._(I)_-_Portret_van_Claes_Chijs_(1581-1605),_zoon_van_Job_Cornelisz._Coster_en_Maria_Claesdr._Chijs_-_MNR_447_-_Munich_Central_Collecting_Point.jpg",Q60448409,"Toegeschreven_aan_Pieter_Pietersz._(I)_-_Portret_van_Claes_Chijs_(1581-1605),_zoon_van_Job_Cornelisz._Coster_en_Maria_Claesdr._Chijs_-_MNR_447_-_Munich_Central_Collecting_Point.jpg",exports\louvre\recognition_assets\cache\cl010061942.jpg,APPROVED,Public domain,wikidata_p217_inventory_exact,Portrait of Willem Roels,1836;4576;MNR 447,"Toegeschreven aan Pieter Pietersz. (I) - Portret van Claes Chijs (1581-1605), zoon van Job Cornelisz. Coster en Maria Claesdr. Chijs - MNR 447 - Munich Central Collecting Point.jpg",False,insufficient strong identity evidence,UNRESOLVED,0.2581,0.2143
cl010062314,Salmacis et Hermaphrodite,"Albani, Francesco",,wikimedia_commons,https://commons.wikimedia.org/wiki/File:Hermaphroditus_Salmacis_Albani_Louvre_INV19.jpg,Q18572450,Hermaphroditus_Salmacis_Albani_Louvre_INV19.jpg,exports\louvre\recognition_assets\cache\cl010062314.jpg,APPROVED,Public domain,wikidata_p217_inventory_exact,Salmacis and Hermaphroditus,INV 19;MR 8,Hermaphroditus Salmacis Albani Louvre INV19.jpg,False,insufficient strong identity evidence,UNRESOLVED,0.1429,0.1667
cl010064061,Enterrement maure,"Fromentin, Eugène",,wikimedia_commons,https://commons.wikimedia.org/wiki/File:Fran%C3%A7oise_Foliot_-_Eug%C3%A8ne_Fromentin_-_Enterrement_maure.jpg,Q29855815,Françoise_Foliot_-_Eugène_Fromentin_-_Enterrement_maure.jpg,exports\louvre\recognition_assets\cache\cl010064061.jpg,APPROVED,CC BY-SA 4.0,wikidata_p217_inventory_exact,Enterrement maure,RF 1700,Françoise Foliot - Eugène Fromentin - Enterrement maure.jpg,False,Wikidata P217 inventory + P18 file + strong title/metadata agreement,VERIFIED,0.5,0.3333
cl010064296,Bateaux par grand vent,"Everdingen, Allaert van",,wikimedia_commons,https://commons.wikimedia.org/wiki/File:Allaert_van_Everdingen_-_Boten_bij_harde_wind_(Louvre).jpg,Q29656348,Allaert_van_Everdingen_-_Boten_bij_harde_wind_(Louvre).jpg,exports\louvre\recognition_assets\cache\cl010064296.jpg,APPROVED,Public domain,wikidata_p217_inventory_exact,Boats in high winds,RF 3704,Allaert van Everdingen - Boten bij harde wind (Louvre).jpg,False,insufficient strong identity evidence,UNRESOLVED,0.1765,0.0
cl010065607,"Gaucher de Châtillon (1250-1328), connétable de France","Vouet, Simon",,wikimedia_commons,"https://commons.wikimedia.org/wiki/File:Simon_Vouet_-_Gaucher_de_Ch%C3%A2tillon,_Conn%C3%A9table_-_WGA25364.jpg",Q19820132,"Simon_Vouet_-_Gaucher_de_Châtillon,_Connétable_-_WGA25364.jpg",exports\louvre\recognition_assets\cache\cl010065607.jpg,APPROVED,Public domain,wikidata_p217_inventory_exact,Gaucher de Châtillon,RF 1937 119;RF 1937-119,"Simon Vouet - Gaucher de Châtillon, Connétable - WGA25364.jpg",False,Wikidata P217 inventory + P18 file + strong title/metadata agreement,VERIFIED,0.4545,0.3333
cl010066247,Solon,"Gand, Juste de",,wikimedia_commons,"https://commons.wikimedia.org/wiki/File:Giusto_di_gand_e_pedro_berruguete,_uomini_illustri_dallo_studiolo_di_federico_da_montefeltro_a_urbino,_1473-76_ca.,_02_solone.JPG",Q29648031,"Giusto_di_gand_e_pedro_berruguete,_uomini_illustri_dallo_studiolo_di_federico_da_montefeltro_a_urbino,_1473-76_ca.,_02_solone.JPG",exports\louvre\recognition_assets\cache\cl010066247.jpg,APPROVED,CC BY-SA 3.0,wikidata_p217_inventory_exact,Solon,MI 653,"Giusto di gand e pedro berruguete, uomini illustri dallo studiolo di federico da montefeltro a urbino, 1473-76 ca., 02 solone.JPG",False,insufficient strong identity evidence,UNRESOLVED,0.1111,0.0714
cl010093006,"Daniel, un prophète et Isaïe",France,,wikimedia_commons,"https://commons.wikimedia.org/wiki/File:Retable_de_Maubuisson_-_Daniel,_un_proph%C3%A8te_et_Isa%C3%AFe_(Louvre,_RF_476_B).jpg",Q87453559,"Retable_de_Maubuisson_-_Daniel,_un_prophète_et_Isaïe_(Louvre,_RF_476_B).jpg",exports\louvre\recognition_assets\cache\cl010093006.jpg,APPROVED,Public domain,wikidata_p217_inventory_exact,Trois Prophètes portant des phylactères,RF 476 B,"Retable de Maubuisson - Daniel, un prophète et Isaïe (Louvre, RF 476 B).jpg",False,insufficient strong identity evidence,UNRESOLVED,0.15,0.2727
cl010093761,Denis Diderot (1713-1784) écrivain,France,,wikimedia_commons,https://commons.wikimedia.org/wiki/File:S%C3%A3o_Jorge_e_o_Drag%C3%A3o_DELACROIX_1847.jpg,Q29857799,São_Jorge_e_o_Dragão_DELACROIX_1847.jpg,exports\louvre\recognition_assets\cache\cl010093761.jpg,APPROVED,Public domain,wikidata_p217_inventory_exact,Saint George fighting the dragon,RF 1396,São Jorge e o Dragão DELACROIX 1847.jpg,False,old P217 match lacks Louvre collection/location constraint; source title/filename/attribution disagree with catalog identity,QUARANTINED_MISMATCH,0.0,0.0
cl010094241,Tête d'apôtre,"Beauneveu, André",,wikimedia_commons,"https://commons.wikimedia.org/wiki/File:Edgar_degas,_ballerine_che_salgono_una_scala,_1886-90.JPG",Q17491199,"Edgar_degas,_ballerine_che_salgono_una_scala,_1886-90.JPG",exports\louvre\recognition_assets\cache\cl010094241.jpg,APPROVED,CC BY 3.0,wikidata_p217_inventory_exact,Danseuses montant un escalier,RF 1979,"Edgar degas, ballerine che salgono una scala, 1886-90.JPG",False,old P217 match lacks Louvre collection/location constraint; source title/filename/attribution disagree with catalog identity,QUARANTINED_MISMATCH,0.0,0.0
cl010096757,Plaque : Neptune et Doris,"Limosin, Léonard",,wikimedia_commons,"https://commons.wikimedia.org/wiki/File:Le_Tribut_de_C%C3%A9sar,_par_Valentin_de_Boulogne.jpg",Q115669493,"Le_Tribut_de_César,_par_Valentin_de_Boulogne.jpg",exports\louvre\recognition_assets\cache\cl010096757.jpg,APPROVED,Public domain,wikidata_p217_inventory_exact,Le Tribut de César,INV 8247;MR 2543;MV 7317,"Le Tribut de César, par Valentin de Boulogne.jpg",False,old P217 match lacks Louvre collection/location constraint; source title/filename/attribution disagree with catalog identity,QUARANTINED_MISMATCH,0.0,0.0
cl010059117,Le Port de Dragør (Danemark),"Eckersberg, Christoffer Wilhem",,wikimedia_commons,https://commons.wikimedia.org/wiki/File:Christoffer_Wilhelm_Eckersberg_-_Havnen_i_Drag%C3%B8r_-_1825.png,Q27431264,Christoffer_Wilhelm_Eckersberg_-_Havnen_i_Dragør_-_1825.png,exports\louvre\recognition_assets\cache\cl010059117.jpg,APPROVED,Public domain,wikidata_p217_inventory_exact,"The Port of Dragør, Denmark",RF 1980 45;RF 1980-45,Christoffer Wilhelm Eckersberg - Havnen i Dragør - 1825.png,False,Wikidata P217 inventory + P18 file + strong title/metadata agreement,VERIFIED,0.3333,0.2222
cl010059968,Énée et Didon,"Guérin, Pierre-Narcisse",,wikimedia_commons,https://commons.wikimedia.org/wiki/File:%C3%89n%C3%A9e_et_Didon_-_Pierre-Narcisse_Gu%C3%A9rin_-_Mus%C3%A9e_du_Louvre_Peintures_RF_762.jpg,Q19008597,Énée_et_Didon_-_Pierre-Narcisse_Guérin_-_Musée_du_Louvre_Peintures_RF_762.jpg,exports\louvre\recognition_assets\cache\cl010059968.jpg,APPROVED,Public domain,wikidata_p217_inventory_exact,Dido and Aeneas,RF 762,Énée et Didon - Pierre-Narcisse Guérin - Musée du Louvre Peintures RF 762.jpg,False,Wikidata P217 inventory + P18 file + strong title/metadata agreement,VERIFIED,0.5,0.1818
cl010062411,L' Ange gardien,"Fetti, Domenico",,wikimedia_commons,https://commons.wikimedia.org/wiki/File:Domenico_Fetti_-_The_Guardian_Angel_Protecting_a_Child_from_the_Empire_of_the_Demon_-_WGA7849.jpg,Q18573333,Domenico_Fetti_-_The_Guardian_Angel_Protecting_a_Child_from_the_Empire_of_the_Demon_-_WGA7849.jpg,exports\louvre\recognition_assets\cache\cl010062411.jpg,APPROVED,Public domain,wikidata_p217_inventory_exact,The Guardian Angel,INV 282;MR 214,Domenico Fetti - The Guardian Angel Protecting a Child from the Empire of the Demon - WGA7849.jpg,False,insufficient strong identity evidence,UNRESOLVED,0.1538,0.0
cl010063611,"Portrait d'homme à l'antique, dit autrefois Portrait d'un Dinteville. Fragment?","Chretien, Pseudo Félix",,wikimedia_commons,"https://commons.wikimedia.org/wiki/File:Pseudo_f%C3%A9lix_chr%C3%A9tien_(forse_bartholomeus_pons),_ritratto_d%27uomo_all%27antica,_borgogna_1535-1550_ca..JPG",Q19820067,"Pseudo_félix_chrétien_(forse_bartholomeus_pons),_ritratto_d'uomo_all'antica,_borgogna_1535-1550_ca..JPG",exports\louvre\recognition_assets\cache\cl010063611.jpg,APPROVED,CC BY 3.0,wikidata_p217_inventory_exact,Portrait of a Man in Antique Style,RF 1971 18;RF 1971-18,"Pseudo félix chrétien (forse bartholomeus pons), ritratto d'uomo all'antica, borgogna 1535-1550 ca..JPG",False,insufficient strong identity evidence,UNRESOLVED,0.2083,0.0952
cl010066103,Combat de Minerve contre Mars,"David, Jacques-Louis",,wikimedia_commons,https://commons.wikimedia.org/wiki/File:The_Combat_Of_Mars_And_Minerva.jpg,Q2984817,The_Combat_Of_Mars_And_Minerva.jpg,exports\louvre\recognition_assets\cache\cl010066103.jpg,APPROVED,Public domain,wikidata_p217_inventory_exact,The Fight Between Mars and Minerva,INV 3695;MR 1441,The Combat Of Mars And Minerva.jpg,False,Wikidata P217 inventory + P18 file + strong title/metadata agreement,VERIFIED,0.4167,0.2857
cl010066878,La Charité,"Blanchard, Jacques",,wikimedia_commons,https://commons.wikimedia.org/wiki/File:Blanchard_Allegory_of_Charity.jpg,Q29864647,Blanchard_Allegory_of_Charity.jpg,exports\louvre\recognition_assets\cache\cl010066878.jpg,APPROVED,Public domain,wikidata_p217_inventory_exact,Charity,INV 2610;MR 1199,Blanchard Allegory of Charity.jpg,False,Wikidata P217 inventory + P18 file + strong title/metadata agreement,VERIFIED,0.2857,0.0
cl010100716,"Table ""à la bourgogne""","Oeben, Jean-François",,wikimedia_commons,https://commons.wikimedia.org/wiki/File:Table_%27%C3%A0_la_Bourgogne%27_-_Jean-Fran%C3%A7ois_Oeben_-_Mus%C3%A9e_du_Louvre_Objets_d%27Art_OA_10001.jpg,Q122646780,Table_'à_la_Bourgogne'_-_Jean-François_Oeben_-_Musée_du_Louvre_Objets_d'Art_OA_10001.jpg,exports\louvre\recognition_assets\cache\cl010100716.jpg,APPROVED,CC0,wikidata_p217_inventory_exact,"Table ""à la Bourgogne""",OA 10001,Table 'à la Bourgogne' - Jean-François Oeben - Musée du Louvre Objets d'Art OA 10001.jpg,False,Wikidata P217 inventory + P18 file + strong title/metadata agreement,VERIFIED,0.4118,0.2
cl010059495,Flore et amours avec des fruits et des guirlandes de fleurs,"Ykens, Frans",,wikimedia_commons,https://commons.wikimedia.org/wiki/File:Frans_Ykens_-_Flore_0000133687_OG.jpg,Q29644503,Frans_Ykens_-_Flore_0000133687_OG.jpg,exports\louvre\recognition_assets\cache\cl010059495.jpg,APPROVED,Public domain,wikidata_p217_inventory_exact,Flore,MI 1333,Frans Ykens - Flore 0000133687 OG.jpg,False,insufficient strong identity evidence,UNRESOLVED,0.2143,0.1111
cl010095342,Carquois de section cylindrique,"Desjardins, Martin (Van den Bogaert Martin, dit)",,wikimedia_commons,https://commons.wikimedia.org/wiki/File:Captifs_Desjardins_Louvre_RF4410_-_1.jpg,Q26974941,Captifs_Desjardins_Louvre_RF4410_-_1.jpg,exports\louvre\recognition_assets\cache\cl010095342.jpg,APPROVED,CC BY 2.0,wikidata_p217_inventory_exact,Four Captives,RF 4407;RF 4408;RF 4409;RF 4410;RF 4411;RF 4412;RF 4413;RF 4414;RF 4415;RF 4416;RF 4417;RF 4418;RF 4419;RF 4420;RF 4421;RF 4422;RF 4423;RF 4424;RF 4425;RF 4426;RF 4427;RF 4428;RF 4429;RF 4430;RF 4431;RF 4432,Captifs Desjardins Louvre RF4410 - 1.jpg,False,old P217 match lacks Louvre collection/location constraint; source title/filename/attribution disagree with catalog identity,QUARANTINED_MISMATCH,0.0476,0.0
cl010109084,Coupe ronde,"Palissy, Bernard",,wikimedia_commons,https://commons.wikimedia.org/wiki/File:Hyacinthe_Rigaud_-_Pierre_Mignard_-_Versailles_MV_3578.jpg,Q57563907,Hyacinthe_Rigaud_-_Pierre_Mignard_-_Versailles_MV_3578.jpg,exports\louvre\recognition_assets\cache\cl010109084.jpg,APPROVED,Public domain,wikidata_p217_inventory_exact,Pierre Mignard,INV 7509;MR 2392;MV 3578,Hyacinthe Rigaud - Pierre Mignard - Versailles MV 3578.jpg,False,old P217 match lacks Louvre collection/location constraint; source title/filename/attribution disagree with catalog identity,QUARANTINED_MISMATCH,0.0,0.0
cl010092488,Figure de femme,France,,wikimedia_commons,https://commons.wikimedia.org/wiki/File:Figure_de_femme_-_Mus%C3%A9e_du_Louvre_Sculptures_MR_3557_;_N_15136.jpg,Q122050261,Figure_de_femme_-_Musée_du_Louvre_Sculptures_MR_3557_;_N_15136.jpg,exports\louvre\recognition_assets\cache\cl010092488.jpg,APPROVED,CC0,wikidata_p217_inventory_exact,Figure de femme,MR 3557;N 15136,Figure de femme - Musée du Louvre Sculptures MR 3557 ; N 15136.jpg,False,insufficient strong identity evidence,UNRESOLVED,0.2,0.2857
cl010101033,Compas de proportion,"Choisy, Jean",,wikimedia_commons,https://commons.wikimedia.org/wiki/File:Sector_20-OA_10804-IMG_3620.JPG,Q83487984,Sector_20-OA_10804-IMG_3620.JPG,exports\louvre\recognition_assets\cache\cl010101033.jpg,APPROVED,CC BY-SA 3.0 fr,wikidata_p217_inventory_exact,sector,OA 10804,Sector 20-OA 10804-IMG 3620.JPG,False,old P217 match lacks Louvre collection/location constraint; source title/filename/attribution disagree with catalog identity,QUARANTINED_MISMATCH,0.0,0.0
cl010116092,Assiette : combat entre Hannibal et Flaminius,Atelier des Fontana,,wikimedia_commons,"https://commons.wikimedia.org/wiki/File:Statue_de_Livie_(Louvre,_Ma_1242).jpg",Q115668914,"Statue_de_Livie_(Louvre,_Ma_1242).jpg",exports\louvre\recognition_assets\cache\cl010116092.jpg,APPROVED,Public domain,wikidata_p217_inventory_exact,Livia Drusilla,MR 259;Ma 1242;N 80,"Statue de Livie (Louvre, Ma 1242).jpg",False,old P217 match lacks Louvre collection/location constraint; Wikidata P217 does not match catalog inventory; source title/filename/attribution disagree with catalog identity,QUARANTINED_MISMATCH,0.0,0.0
cl010120564,élément de statue,,,wikimedia_commons,"https://commons.wikimedia.org/wiki/File:Yeux_-_AO_19504,_AO_19505.jpg",Q58898832,"Yeux_-_AO_19504,_AO_19505.jpg",exports\louvre\recognition_assets\cache\cl010120564.jpg,APPROVED,CC0,wikidata_p217_inventory_exact,votive eyes,AO 19504;AO 19505,"Yeux - AO 19504, AO 19505.jpg",False,old P217 match lacks Louvre collection/location constraint; source title/filename/attribution disagree with catalog identity,QUARANTINED_MISMATCH,0.0,0.0
cl010008140,Coudée de Maya,,,wikimedia_commons,https://commons.wikimedia.org/wiki/File:Measuring_ruler-N_1538-IMG_4492-gradient.jpg,Q54889338,Measuring_ruler-N_1538-IMG_4492-gradient.jpg,exports\louvre\recognition_assets\cache\cl010008140.jpg,APPROVED,CC BY-SA 3.0 fr,wikidata_p217_inventory_exact,measuring ruler-N 1538,N 1538,Measuring ruler-N 1538-IMG 4492-gradient.jpg,False,old P217 match lacks Louvre collection/location constraint; source title/filename/attribution disagree with catalog identity,QUARANTINED_MISMATCH,0.0,0.0
cl010278478,statuette,groupe de Syros,,wikimedia_commons,https://commons.wikimedia.org/wiki/File:Feminine_figure-Ma_4997-IMG_4954-gradient.jpg,Q54867863,Feminine_figure-Ma_4997-IMG_4954-gradient.jpg,exports\louvre\recognition_assets\cache\cl010278478.jpg,APPROVED,CC BY-SA 3.0 fr,wikidata_p217_inventory_exact,Feminine figure-Ma 4997,Ma 4997,Feminine figure-Ma 4997-IMG 4954-gradient.jpg,False,old P217 match lacks Louvre collection/location constraint; Wikidata P217 does not match catalog inventory; source title/filename/attribution disagree with catalog identity,QUARANTINED_MISMATCH,0.0,0.0
cl010059589,Philosophe aux lunettes,"Giordano, Luca",,wikimedia_commons,"https://commons.wikimedia.org/wiki/File:Luca_giordano,_filosofo,_1660_ca._01.JPG",Q18573363,"Luca_giordano,_filosofo,_1660_ca._01.JPG",exports\louvre\recognition_assets\cache\cl010059589.jpg,APPROVED,CC BY-SA 3.0,wikidata_p217_inventory_exact,Philosopher with Eyeglasses,MI 895,"Luca giordano, filosofo, 1660 ca. 01.JPG",False,insufficient strong identity evidence,UNRESOLVED,0.1667,0.0
cl010060786,La Prédication d'un apôtre dans des ruines d'architecture d'ordre dorique,"Panini, Giovanni Paolo",,wikimedia_commons,https://commons.wikimedia.org/wiki/File:La_Pr%C3%A9dication_d%27un_ap%C3%B4tre_dans_des_ruines_d%27architecture_d%27ordre_dorique_-_Giovanni_Paolo_Panini_-_Mus%C3%A9e_du_Louvre_Peintures_INV_408_;_MR_372.jpg,Q18573441,La_Prédication_d'un_apôtre_dans_des_ruines_d'architecture_d'ordre_dorique_-_Giovanni_Paolo_Panini_-_Musée_du_Louvre_Peintures_INV_408_;_MR_372.jpg,,APPROVED,Public domain,wikidata_p217_inventory_exact,Apostle Paul Preaching on the Ruins,INV 408;MR 372,La Prédication d'un apôtre dans des ruines d'architecture d'ordre dorique - Giovanni Paolo Panini - Musée du Louvre Peintures INV 408 ; MR 372.jpg,False,Wikidata P217 inventory + P18 file + strong title/metadata agreement,VERIFIED,0.5238,0.35
cl010061300,Vierge à l'Enfant,Romanino,,wikimedia_commons,"https://commons.wikimedia.org/wiki/File:Romanino,_madonna_col_bambino,_1520-1550_ca..JPG",Q18565929,"Romanino,_madonna_col_bambino,_1520-1550_ca..JPG",,APPROVED,CC BY 3.0,wikidata_p217_inventory_exact,Madonna and Child,RF 1984 1;RF 1984-1,"Romanino, madonna col bambino, 1520-1550 ca..JPG",False,insufficient strong identity evidence,UNRESOLVED,0.0833,0.0
cl010061749,Paysage avec ruines,"Napoletano, Filippo (Filippo d'Angeli, dit)",,wikimedia_commons,https://commons.wikimedia.org/wiki/File:Filippo)_Anonym_(deutsch)_(Napoletano_(18._Jhrdt.)_-_Landschaft_mit_Ruine_und_Staffage_-_1810_-_F%C3%BChrermuseum.jpg,Q60448429,Filippo)_Anonym_(deutsch)_(Napoletano_(18._Jhrdt.)_-_Landschaft_mit_Ruine_und_Staffage_-_1810_-_Führermuseum.jpg,,APPROVED,Public domain,wikidata_p217_inventory_exact,Heroic landscape,1810;9388;MNR 723,Filippo) Anonym (deutsch) (Napoletano (18. Jhrdt.) - Landschaft mit Ruine und Staffage - 1810 - Führermuseum.jpg,False,insufficient strong identity evidence,UNRESOLVED,0.1,0.0
cl010062514,Diogène jetant son écuelle,"Poussin, Nicolas",,wikimedia_commons,"https://commons.wikimedia.org/wiki/File:Poussin,_Nicolas_-_Landscape_with_Diogenes_-_c._1647.jpg",Q19944031,"Poussin,_Nicolas_-_Landscape_with_Diogenes_-_c._1647.jpg",,APPROVED,Public domain,wikidata_p217_inventory_exact,Landscape with Diogenes,INV 7308;MR 2330,"Poussin, Nicolas - Landscape with Diogenes - c. 1647.jpg",False,insufficient strong identity evidence,UNRESOLVED,0.1818,0.0
cl010062853,Tête de saint Jean Baptiste,"Solario, Andrea",,wikimedia_commons,"https://commons.wikimedia.org/wiki/File:Andrea_solario,_testa_del_battista.jpg",Q3985176,"Andrea_solario,_testa_del_battista.jpg",,APPROVED,Public domain,wikidata_p217_inventory_exact,The Head of Saint John the Baptist on a Charger,MI 735,"Andrea solario, testa del battista.jpg",False,insufficient strong identity evidence,UNRESOLVED,0.1875,0.0769
cl010063010,Le Miracle du saint Voult,Anonyme,,wikimedia_commons,https://commons.wikimedia.org/wiki/File:Le_Miracle_du_saint_Voult_-_Mus%C3%A9e_du_Louvre_PeinturesRF_2556_bis.jpg,Q29654621,Le_Miracle_du_saint_Voult_-_Musée_du_Louvre_PeinturesRF_2556_bis.jpg,,APPROVED,Public domain,wikidata_p217_inventory_exact,Le Miracle du saint Voult,RF 2556 BIS;RF 2556 bis,Le Miracle du saint Voult - Musée du Louvre PeinturesRF 2556 bis.jpg,False,Wikidata P217 inventory + P18 file + strong title/metadata agreement,VERIFIED,0.25,0.375
cl010063051,La Fondation de l'ordre des Trinitaires,"Carreño de Miranda, Juan",,wikimedia_commons,https://commons.wikimedia.org/wiki/File:La_Fondation_de_l%27ordre_des_Trinitaires_-_Juan_Carre%C3%B1o_de_Miranda_;_Francisco_Rizi_-_Mus%C3%A9e_du_Louvre_Peintures_RF_1964_36.jpg,Q18811444,La_Fondation_de_l'ordre_des_Trinitaires_-_Juan_Carreño_de_Miranda_;_Francisco_Rizi_-_Musée_du_Louvre_Peintures_RF_1964_36.jpg,,APPROVED,Public domain,wikidata_p217_inventory_exact,The Foundation Mass of the Trinitarian Order,RF 1964 36;RF 1964-36,La Fondation de l'ordre des Trinitaires - Juan Carreño de Miranda ; Francisco Rizi - Musée du Louvre Peintures RF 1964 36.jpg,False,Wikidata P217 inventory + P18 file + strong title/metadata agreement,VERIFIED,0.4118,0.1875
cl010063373,L'arrivée des moissonneurs dans les marais Pontins,"Robert, Léopold",,wikimedia_commons,https://commons.wikimedia.org/wiki/File:L%27Arriv%C3%A9e_des_moissonneurs_dans_les_marais_Pontins_-_L%C3%A9opold_Robert_-_Mus%C3%A9e_du_Louvre_Peintures_INV_7663.jpg,Q29840234,L'Arrivée_des_moissonneurs_dans_les_marais_Pontins_-_Léopold_Robert_-_Musée_du_Louvre_Peintures_INV_7663.jpg,,APPROVED,Public domain,wikidata_p217_inventory_exact,The arrival of the reapers in the Pontine marshes,INV 7663,L'Arrivée des moissonneurs dans les marais Pontins - Léopold Robert - Musée du Louvre Peintures INV 7663.jpg,False,Wikidata P217 inventory + P18 file + strong title/metadata agreement,VERIFIED,0.4706,0.3125
cl010064282,Les Pantoufles,"Hoogstraten, Samuel van",,wikimedia_commons,"https://commons.wikimedia.org/wiki/File:The_slippers,_by_Samuel_van_Hoogstraten.jpg",Q15874406,"The_slippers,_by_Samuel_van_Hoogstraten.jpg",,APPROVED,Public domain,wikidata_p217_inventory_exact,View of an Interior,RF 3722,"The slippers, by Samuel van Hoogstraten.jpg",False,Wikidata P217 inventory + P18 file + strong title/metadata agreement,VERIFIED,0.3333,0.0
cl010064351,Le Mariage mystique de sainte Catherine,"Parmesan (Francesco Mazzola, dit Il Parmigianino, ou Le)",,wikimedia_commons,https://commons.wikimedia.org/wiki/File:Le_Mariage_mystique_de_sainte_Catherine_-_Parmigianino_-_Mus%C3%A9e_du_Louvre_Peintures_RF_1992_411.jpg,Q3851963,Le_Mariage_mystique_de_sainte_Catherine_-_Parmigianino_-_Musée_du_Louvre_Peintures_RF_1992_411.jpg,,APPROVED,Public domain,wikidata_p217_inventory_exact,Mystic Marriage of St. Catherine,RF 1992 411;RF 1992-411,Le Mariage mystique de sainte Catherine - Parmigianino - Musée du Louvre Peintures RF 1992 411.jpg,False,Wikidata P217 inventory + P18 file + strong title/metadata agreement,VERIFIED,0.375,0.3333
cl010064490,Nature morte aux huîtres et aux coings,"Recco, Giovanni Battista",,wikimedia_commons,https://commons.wikimedia.org/wiki/File:Still-Life_with_Oysters_and_Quinces_-_Giuseppe_Recco_-_Louvre_RF_1977-11.jpg,Q18573647,Still-Life_with_Oysters_and_Quinces_-_Giuseppe_Recco_-_Louvre_RF_1977-11.jpg,,APPROVED,CC BY-SA 4.0,wikidata_p217_inventory_exact,Still-Life with Oysters and Quinces,RF 1977 11;RF 1977-11,Still-Life with Oysters and Quinces - Giuseppe Recco - Louvre RF 1977-11.jpg,False,old P217 match lacks Louvre collection/location constraint; source title/filename/attribution disagree with catalog identity,QUARANTINED_MISMATCH,0.0556,0.0
cl010064672,Réunion familiale en plein-air,"Tilborg, Gillis van",,wikimedia_commons,https://commons.wikimedia.org/wiki/File:Gillis_van_Tilborch_-_Family_reunion_in_the_open_air.jpg,Q60448435,Gillis_van_Tilborch_-_Family_reunion_in_the_open_air.jpg,,APPROVED,Public domain,wikidata_p217_inventory_exact,Family reunion in the open air,MNR 825,Gillis van Tilborch - Family reunion in the open air.jpg,False,Wikidata P217 inventory + P18 file + strong title/metadata agreement,VERIFIED,0.3077,0.2222
cl010064816,Le Portement de croix,"Martini, Simone",,wikimedia_commons,https://commons.wikimedia.org/wiki/File:Simone_Martini_067.jpg,Q3225814,Simone_Martini_067.jpg,,APPROVED,Public domain,wikidata_p217_inventory_exact,The Carrying of the Cross,INV 670 bis,Simone Martini 067.jpg,False,insufficient strong identity evidence,UNRESOLVED,0.2222,0.0
cl010065043,L'Ange de l'Annonciation,"Giovannetti, Matteo",,wikimedia_commons,https://commons.wikimedia.org/wiki/File:L%27Ange_de_l%27Annonciation_-_Matteo_Giovannetti_-_Mus%C3%A9e_du_Louvre_Peintures_RF_1996_4.jpg,Q18573023,L'Ange_de_l'Annonciation_-_Matteo_Giovannetti_-_Musée_du_Louvre_Peintures_RF_1996_4.jpg,,APPROVED,Public domain,wikidata_p217_inventory_exact,The Angel of the Annunciation,RF 1996 4,L'Ange de l'Annonciation - Matteo Giovannetti - Musée du Louvre Peintures RF 1996 4.jpg,False,Wikidata P217 inventory + P18 file + strong title/metadata agreement,VERIFIED,0.4167,0.2
cl010065532,Portrait d'une femme noire,"Benoist, Marie Guillemine, née Le Roulx de La Ville ou Laville-Leroulx",,wikimedia_commons,https://commons.wikimedia.org/wiki/File:Portrait_d%27une_femme_noire_-_Marie-Guillemine_Benoist_Mus%C3%A9e_du_Louvre_Peintures_INV_2508.jpg,Q1923320,Portrait_d'une_femme_noire_-_Marie-Guillemine_Benoist_Musée_du_Louvre_Peintures_INV_2508.jpg,,APPROVED,Public domain,wikidata_p217_inventory_exact,Portrait of Madeleine,INV 2508,Portrait d'une femme noire - Marie-Guillemine Benoist Musée du Louvre Peintures INV 2508.jpg,False,Wikidata P217 inventory + P18 file + strong title/metadata agreement,VERIFIED,0.3889,0.25
cl010066070,La Vierge à l'Enfant,"Metsys, Quentin",,wikimedia_commons,"https://commons.wikimedia.org/wiki/File:Quentin_Massys-The_Virgin_and_Child,1529,Mus%C3%A9e_du_Louvre,_Paris.jpg",Q19968950,"Quentin_Massys-The_Virgin_and_Child,1529,Musée_du_Louvre,_Paris.jpg",,APPROVED,Public domain,wikidata_p217_inventory_exact,Madonna and Child,RF 1475,"Quentin Massys-The Virgin and Child,1529,Musée du Louvre, Paris.jpg",False,insufficient strong identity evidence,UNRESOLVED,0.1333,0.0
cl010066317,"Retable de Boulbon. La Trinité avec le Christ de douleur, debout dans le tombeau, et saint Agricol lui présentant un donateur",Anonyme,,wikimedia_commons,https://commons.wikimedia.org/wiki/File:F0084_Louvre_Retable_de_Boulbon_RF1536.jpg,Q24939535,F0084_Louvre_Retable_de_Boulbon_RF1536.jpg,,APPROVED,CC BY-SA 4.0,wikidata_p217_inventory_exact,Boulbon Altarpiece,RF 1536,F0084 Louvre Retable de Boulbon RF1536.jpg,False,insufficient strong identity evidence,UNRESOLVED,0.0909,0.1111
cl010066455,La Séance de portrait,"Traversi, Gaspare",,wikimedia_commons,https://commons.wikimedia.org/wiki/File:Traversi_-_La_S%C3%A9ance_de_portrait_02.jpg,Q18573432,Traversi_-_La_Séance_de_portrait_02.jpg,,APPROVED,Public domain,wikidata_p217_inventory_exact,The Sitting,RF 1990 1;RF 1990-1,Traversi - La Séance de portrait 02.jpg,False,Wikidata P217 inventory + P18 file + strong title/metadata agreement,VERIFIED,0.375,0.5
cl010067056,Sainte Apolline,"Roberti, Ercole de",,wikimedia_commons,"https://commons.wikimedia.org/wiki/File:Ercole_de%27_roberti,_sant%27apollonia_01.jpg",Q18573072,"Ercole_de'_roberti,_sant'apollonia_01.jpg",,APPROVED,Public domain,wikidata_p217_inventory_exact,Saint Apollonia,RF 1271 A;RF 1271 a,"Ercole de' roberti, sant'apollonia 01.jpg",False,insufficient strong identity evidence,UNRESOLVED,0.2222,0.0
cl010067346,Portrait du banquier Anton Fugger (1493-1560),"Maler, Hans",,wikimedia_commons,https://commons.wikimedia.org/wiki/File:Anton_fugger_by_hans_maler.jpg,Q58125695,Anton_fugger_by_hans_maler.jpg,,APPROVED,Public domain,wikidata_p217_inventory_exact,Portrait of Anton Fugger,RF 2002 28,Anton fugger by hans maler.jpg,True,Wikidata P217 inventory + Louvre collection/location + P18 file + title/metadata agreement,VERIFIED,0.4545,0.375
cl010090779,Chrysès,"Slodtz, Michel-Ange",,wikimedia_commons,"https://commons.wikimedia.org/wiki/File:Michel-ange_slodtz,_chrys%C3%A9s_in_terracotta_1740_circa.JPG",Q87454615,"Michel-ange_slodtz,_chrysés_in_terracotta_1740_circa.JPG",,APPROVED,CC BY 2.5,wikidata_p217_inventory_exact,Chrysès,ENT 1984.22;MNC 25154,"Michel-ange slodtz, chrysés in terracotta 1740 circa.JPG",False,insufficient strong identity evidence,UNRESOLVED,0.2667,0.1429
cl010091138,"Hélène de Chambes-Montsoreau, femme de Philippe de Commynes ( + 1531)",France,,wikimedia_commons,https://commons.wikimedia.org/wiki/File:Jeanne_de_Penthi%C3%A8vre_-_Louvre_L.P._2665_(Room_12).jpg,Q87452169,Jeanne_de_Penthièvre_-_Louvre_L.P._2665_(Room_12).jpg,,APPROVED,CC BY 3.0,wikidata_p217_inventory_exact,Eléments de la chapelle de Commynes (dite aussi d'Argenton) dans l'église des Grands Augustins de Paris,LP 2665;LP 449;LP 47;ML 90;N 15200;N 15201;N 15202;N 15203;RF 3130 à RF 3145,Jeanne de Penthièvre - Louvre L.P. 2665 (Room 12).jpg,False,old P217 match lacks Louvre collection/location constraint; source title/filename/attribution disagree with catalog identity,QUARANTINED_MISMATCH,0.0278,0.0476
cl010091303,La Vierge adorant l'Enfant en présence de saint Jean Baptiste enfant et de deux chérubins,"Della Robbia, Andrea",,wikimedia_commons,https://commons.wikimedia.org/wiki/File:Tondo_Della_Robbia_Louvre_LP3410.jpg,Q87337634,Tondo_Della_Robbia_Louvre_LP3410.jpg,,APPROVED,Public domain,wikidata_p217_inventory_exact,Madonna adoring the sleeping Child with St. John the Baptist as a child and two cherubims,LP 3410;N 15029,Tondo Della Robbia Louvre LP3410.jpg,False,insufficient strong identity evidence,UNRESOLVED,0.0857,0.0
cl010091955,Vénus sortant du bain,"Allegrain, Christophe-Gabriel",,wikimedia_commons,https://commons.wikimedia.org/wiki/File:CF6640_Louvre_Claude_Gellee_Ulysse_remet_Chryseis_INV4718_v3_rwk.jpg,Q18762387,CF6640_Louvre_Claude_Gellee_Ulysse_remet_Chryseis_INV4718_v3_rwk.jpg,,APPROVED,CC BY 4.0,wikidata_p217_inventory_exact,Odysseus returns Chryseis to Her Father,INV 4718;MR 1747,CF6640 Louvre Claude Gellee Ulysse remet Chryseis INV4718 v3 rwk.jpg,False,old P217 match lacks Louvre collection/location constraint; source title/filename/attribution disagree with catalog identity,QUARANTINED_MISMATCH,0.0,0.0
cl010092176,Portrait d'ecclésiastique,Italie Latium Rome,,wikimedia_commons,https://commons.wikimedia.org/wiki/File:Jean_Nocret_-_Louis_XIV_et_la_famille_royale_-_Google_Art_Project.jpg,Q18683325,Jean_Nocret_-_Louis_XIV_et_la_famille_royale_-_Google_Art_Project.jpg,,APPROVED,Public domain,wikidata_p217_inventory_exact,Mythological portrait of Louis XIV and the royal family,INV 6980;MR 2155;MV 2157,Jean Nocret - Louis XIV et la famille royale - Google Art Project.jpg,False,old P217 match lacks Louvre collection/location constraint; source title/filename/attribution disagree with catalog identity,QUARANTINED_MISMATCH,0.0417,0.0714
cl010092704,Dromadaire d'Égypte harnaché,"Barye, Antoine Louis",,wikimedia_commons,https://commons.wikimedia.org/wiki/File:Dromadaire_d%27%C3%89gypte_harnach%C3%A9_-_Antoine_Louis_Barye_-_Mus%C3%A9e_du_Louvre_Sculptures_OA_5803.jpg,Q121484481,Dromadaire_d'Égypte_harnaché_-_Antoine_Louis_Barye_-_Musée_du_Louvre_Sculptures_OA_5803.jpg,,APPROVED,CC0,wikidata_p217_inventory_exact,Dromadaire d'Égypte harnaché,OA 5803,Dromadaire d'Égypte harnaché - Antoine Louis Barye - Musée du Louvre Sculptures OA 5803.jpg,False,Wikidata P217 inventory + P18 file + strong title/metadata agreement,VERIFIED,0.4118,0.3
cl010099607,"Plaque : Le cheval de Troie, d'un ensemble de onze plaques (OA 7550 à OA 7559 et OA 6596)",Maître de l'Enéide,,wikimedia_commons,https://commons.wikimedia.org/wiki/File:Le_Cheval_de_Troie_-_Mus%C3%A9e_du_Louvre_Objets_d%27art_OA_7553.jpg,Q115549456,Le_Cheval_de_Troie_-_Musée_du_Louvre_Objets_d'art_OA_7553.jpg,exports\louvre\recognition_assets\cache\cl010099607.jpg,APPROVED,Public domain,wikidata_p217_inventory_exact,"Le Cheval de Troie, d'un ensemble de onze plaques",OA 7553,Le Cheval de Troie - Musée du Louvre Objets d'art OA 7553.jpg,False,Wikidata P217 inventory + P18 file + strong title/metadata agreement,VERIFIED,0.2917,0.3571
cl010108571,Crosseron : Serpent et Agneau de Dieu,Anonyme,,wikimedia_commons,https://commons.wikimedia.org/wiki/File:Crozier_lamb_Louvre_OA7267.jpg,Q87710549,Crozier_lamb_Louvre_OA7267.jpg,exports\louvre\recognition_assets\cache\cl010108571.jpg,APPROVED,Public domain,wikidata_p217_inventory_exact,crozier representing a lamb,OA 7267,Crozier lamb Louvre OA7267.jpg,False,old P217 match lacks Louvre collection/location constraint; source title/filename/attribution disagree with catalog identity,QUARANTINED_MISMATCH,0.0,0.0
cl010111542,"Patène ""Stoclet""",Anonyme,,wikimedia_commons,https://commons.wikimedia.org/wiki/File:Paten_pietre_dure_Louvre_OA11878.jpg,Q87707471,Paten_pietre_dure_Louvre_OA11878.jpg,exports\louvre\recognition_assets\cache\cl010111542.jpg,APPROVED,Public domain,wikidata_p217_inventory_exact,paten,OA 11878,Paten pietre dure Louvre OA11878.jpg,False,old P217 match lacks Louvre collection/location constraint; source title/filename/attribution disagree with catalog identity,QUARANTINED_MISMATCH,0.0,0.0
cl010113609,Tableau-reliquaire de la Vraie Croix et couvercle à glissière,Anonyme,,wikimedia_commons,https://commons.wikimedia.org/wiki/File:Reliquary_True_Cross_Louvre_OA8099.jpg,Q19753135,Reliquary_True_Cross_Louvre_OA8099.jpg,exports\louvre\recognition_assets\cache\cl010113609.jpg,APPROVED,Public domain,wikidata_p217_inventory_exact,Tableau-reliquaire de la Vraie Croix et couvercle à glissière,OA 8099,Reliquary True Cross Louvre OA8099.jpg,False,Wikidata P217 inventory + P18 file + strong title/metadata agreement,VERIFIED,0.2727,0.5455
cl010059916,Saint Jérôme en prière dans une grotte,"Slingelandt, Pieter Cornelisz. van",,wikimedia_commons,https://commons.wikimedia.org/wiki/File:Saint_Jerome_en_priere_dans_une_grotte.jpg,Q29655698,Saint_Jerome_en_priere_dans_une_grotte.jpg,,APPROVED,Public domain,wikidata_p217_inventory_exact,Saint Jérôme en prière dans une grotte,RF 758,Saint Jerome en priere dans une grotte.jpg,False,Wikidata P217 inventory + P18 file + strong title/metadata agreement,VERIFIED,0.8182,1.0
cl010060318,Une soirée. Batelier amarré à la rive,"Corot, Jean-Baptiste Camille",,wikimedia_commons,"https://commons.wikimedia.org/wiki/File:Camille_corot,_una_serata,_battello_ormeggiato_a_riva,_ante_1855.jpg",Q17496042,"Camille_corot,_una_serata,_battello_ormeggiato_a_riva,_ante_1855.jpg",,APPROVED,Public domain,wikidata_p217_inventory_exact,An evening. Boatman moored,RF 1779,"Camille corot, una serata, battello ormeggiato a riva, ante 1855.jpg",False,insufficient strong identity evidence,UNRESOLVED,0.0952,0.0
cl010060940,"La Lecture du bréviaire, le soir","Spitzweg, Carl",,wikimedia_commons,https://commons.wikimedia.org/wiki/File:Das_Abendbrevier.jpg,Q29644973,Das_Abendbrevier.jpg,,APPROVED,Public domain,wikidata_p217_inventory_exact,"Reading the Breviary, The Evening",RF 1988 53;RF 1988-53,Das Abendbrevier.jpg,False,insufficient strong identity evidence,UNRESOLVED,0.1667,0.0
cl010062119,Les Voyageurs élégants,"Both, Jan Dirksz.",,wikimedia_commons,https://commons.wikimedia.org/wiki/File:Jan_Both_-_Landscape_with_a_Peasant_Woman_on_a_Mule_-_WGA2678.jpg,Q19917780,Jan_Both_-_Landscape_with_a_Peasant_Woman_on_a_Mule_-_WGA2678.jpg,,APPROVED,Public domain,wikidata_p217_inventory_exact,Landscape with Travellers,INV 1065;MR 571,Jan Both - Landscape with a Peasant Woman on a Mule - WGA2678.jpg,False,insufficient strong identity evidence,UNRESOLVED,0.1538,0.0
cl010062441,Le Jugement de Salomon,"Poussin, Nicolas",,wikimedia_commons,https://commons.wikimedia.org/wiki/File:Le_Jugement_de_Salomon_-_1649_-_Nicolas_Poussin_-_Louvre_-_INV_7277_;_MR_2316_(2).jpg,Q2502068,Le_Jugement_de_Salomon_-_1649_-_Nicolas_Poussin_-_Louvre_-_INV_7277_;_MR_2316_(2).jpg,,APPROVED,Public domain,wikidata_p217_inventory_exact,The Judgment of Solomon,INV 7277;MR 2316,Le Jugement de Salomon - 1649 - Nicolas Poussin - Louvre - INV 7277 ; MR 2316 (2).jpg,False,Wikidata P217 inventory + P18 file + strong title/metadata agreement,VERIFIED,0.3077,0.1818
cl010062480,"Portrait de famille dans un intérieur, dit autrefois La Famille du Peintre","Ostade, Adriaen van",,wikimedia_commons,https://commons.wikimedia.org/wiki/File:Adriaen_van_Ostade_-_Portrait_of_a_Family_-_WGA16749.jpg,Q27614399,Adriaen_van_Ostade_-_Portrait_of_a_Family_-_WGA16749.jpg,,APPROVED,Public domain,wikidata_p217_inventory_exact,Family Portrait,INV 1679;MR 903,Adriaen van Ostade - Portrait of a Family - WGA16749.jpg,False,Wikidata P217 inventory + P18 file + strong title/metadata agreement,VERIFIED,0.3077,0.0909
cl010062579,Le Toit à porcs,"Ostade, Isaack van",,wikimedia_commons,https://commons.wikimedia.org/wiki/File:Le_Toit_%C3%A0_porcs_-_Isaac_van_Ostade_-_Mus%C3%A9e_du_Louvre.jpg,Q29655969,Le_Toit_à_porcs_-_Isaac_van_Ostade_-_Musée_du_Louvre.jpg,,APPROVED,Public domain,wikidata_p217_inventory_exact,Le Toit à porcs,MI 950,Le Toit à porcs - Isaac van Ostade - Musée du Louvre.jpg,False,Wikidata P217 inventory + P18 file + strong title/metadata agreement,VERIFIED,0.4,0.2857
cl010064427,La Vierge et l'Enfant à la colombe,"Piero di Cosimo (Piero di Lorenzo, dit)",,wikimedia_commons,https://commons.wikimedia.org/wiki/File:Vierge_et_l%27Enfant_%C3%A0_la_colombe_-_Piero_di_Cosimo_-_Mus%C3%A9e_du_Louvre_Peintures_INV_817_;_MR_241.jpg,Q3558023,Vierge_et_l'Enfant_à_la_colombe_-_Piero_di_Cosimo_-_Musée_du_Louvre_Peintures_INV_817_;_MR_241.jpg,,APPROVED,Public domain,wikidata_p217_inventory_exact,Madonna and Child with a Dove - Piero di Cosimo - Louvre INV 817,INV 817;MR 241,Vierge et l'Enfant à la colombe - Piero di Cosimo - Musée du Louvre Peintures INV 817 ; MR 241.jpg,False,Wikidata P217 inventory + P18 file + strong title/metadata agreement,VERIFIED,0.375,0.2143
cl010064748,Victor-Abel de Salle (1776-1864),"Pagnest, Amable Louis Claude",,wikimedia_commons,https://commons.wikimedia.org/wiki/File:Amable_Louis_Claude_Pagnest_-_G%C3%A9n%C3%A9ral_Victor_Abel_baron_de_Salle_(1776-1864).jpg,Q29842374,Amable_Louis_Claude_Pagnest_-_Général_Victor_Abel_baron_de_Salle_(1776-1864).jpg,,APPROVED,Public domain,wikidata_p217_inventory_exact,Victor Abel de Salle,MI 789,Amable Louis Claude Pagnest - Général Victor Abel baron de Salle (1776-1864).jpg,False,Wikidata P217 inventory + P18 file + strong title/metadata agreement,VERIFIED,0.6923,0.4545
cl010066111,Saint Jean baptisant le peuple,"Poussin, Nicolas",,wikimedia_commons,https://commons.wikimedia.org/wiki/File:Nicolas_Poussin_-_St_John_the_Baptist_Baptizes_the_People_-_WGA18294.jpg,Q19318315,Nicolas_Poussin_-_St_John_the_Baptist_Baptizes_the_People_-_WGA18294.jpg,,APPROVED,Public domain,wikidata_p217_inventory_exact,Saint John Baptising the People,INV 7287;MR 2319,Nicolas Poussin - St John the Baptist Baptizes the People - WGA18294.jpg,False,insufficient strong identity evidence,UNRESOLVED,0.2143,0.0833
cl010066368,"Mesdemoiselles Chassériau, dit aussi Les deux soeurs. Marie-Antoinette-Adèle (1810-1869) et Geneviève (Aline) Chassériau (1822-1871), soeurs de l'artiste.","Chassériau, Théodore",,wikimedia_commons,https://commons.wikimedia.org/wiki/File:Th%C3%A9odore_Chass%C3%A9riau_-_Mesdemoiselles_Chass%C3%A9riau_(Louvre_RF_2214)_0000787160_OG.JPG,Q5971073,Théodore_Chassériau_-_Mesdemoiselles_Chassériau_(Louvre_RF_2214)_0000787160_OG.JPG,,APPROVED,Public domain,wikidata_p217_inventory_exact,The Two Sisters,RF 2214,Théodore Chassériau - Mesdemoiselles Chassériau (Louvre RF 2214) 0000787160 OG.JPG,False,insufficient strong identity evidence,UNRESOLVED,0.1304,0.0952
cl010066788,Le Défi des Piérides,"Rosso Fiorentino (Giovanni Battista di Jacopo, dit)",,wikimedia_commons,https://commons.wikimedia.org/wiki/File:Rosso_Fiorentino_-_The_Contest_of_the_Pierides_-_WGA20139.jpg,Q18572281,Rosso_Fiorentino_-_The_Contest_of_the_Pierides_-_WGA20139.jpg,,APPROVED,Public domain,wikidata_p217_inventory_exact,The Challenge of the Pierides,INV 595;MR 69,Rosso Fiorentino - The Contest of the Pierides - WGA20139.jpg,False,insufficient strong identity evidence,UNRESOLVED,0.25,0.1429
cl010077821,Ruth et Noémi,"Scheffer, Ary",,wikimedia_commons,https://commons.wikimedia.org/wiki/File:Ruth_et_No%C3%A9mi_-_Ary_Scheffer_-_Mus%C3%A9e_du_Louvre_Peintures_RF_2013_4.jpg,Q115670378,Ruth_et_Noémi_-_Ary_Scheffer_-_Musée_du_Louvre_Peintures_RF_2013_4.jpg,,APPROVED,Public domain,wikidata_p217_inventory_exact,"Ruth et Noemi, 1855",RF 2013 4,Ruth et Noémi - Ary Scheffer - Musée du Louvre Peintures RF 2013 4.jpg,False,Wikidata P217 inventory + P18 file + strong title/metadata agreement,VERIFIED,0.5,0.2222
cl010059216,Étienne Jeaurat.,"Greuze, Jean-Baptiste",,wikimedia_commons,https://commons.wikimedia.org/wiki/File:Sailor_Houy_worshipping_Osiris-C_52-IMG_0264.JPG,Q58210542,Sailor_Houy_worshipping_Osiris-C_52-IMG_0264.JPG,,APPROVED,CC BY-SA 3.0 fr,wikidata_p217_inventory_exact,Sailor Houy worshipping Osiris-C 52,C 52,Sailor Houy worshipping Osiris-C 52-IMG 0264.JPG,False,old P217 match lacks Louvre collection/location constraint; Wikidata P217 does not match catalog inventory; source title/filename/attribution disagree with catalog identity,QUARANTINED_MISMATCH,0.0,0.0
cl010059281,Bélisaire demandant l'aumône,"David, Jacques-Louis",,wikimedia_commons,https://commons.wikimedia.org/wiki/File:Louvre_david_belisaire_reconnu.JPG,Q29862495,Louvre_david_belisaire_reconnu.JPG,,APPROVED,Public domain,wikidata_p217_inventory_exact,Belisarius Begging for Alms,INV 3694;MR 1440,Louvre david belisaire reconnu.JPG,False,Wikidata P217 inventory + P18 file + strong title/metadata agreement,VERIFIED,0.2857,0.1
cl010060320,Gibier et attirail de chasse découvert par un chat,"Fyt, Jan",,wikimedia_commons,https://commons.wikimedia.org/wiki/File:Joannes_Fijt_-_Game_and_Hunting_Gear_Discovered_by_a_Cat_-_WGA08351.jpg,Q29656643,Joannes_Fijt_-_Game_and_Hunting_Gear_Discovered_by_a_Cat_-_WGA08351.jpg,,APPROVED,Public domain,wikidata_p217_inventory_exact,Game and Hunting Gear Discovered by a Cat,MI 922,Joannes Fijt - Game and Hunting Gear Discovered by a Cat - WGA08351.jpg,False,insufficient strong identity evidence,UNRESOLVED,0.1111,0.0
cl010060584,La Sainte Famille avant le retour d'Egypte,"Le Brun, Charles",,wikimedia_commons,https://commons.wikimedia.org/wiki/File:Sleeping_satyr_Bouchardon_Louvre_MR1921.jpg,Q21281829,Sleeping_satyr_Bouchardon_Louvre_MR1921.jpg,,APPROVED,Public domain,wikidata_p217_inventory_exact,Sleeping satyr,MR 1921,Sleeping satyr Bouchardon Louvre MR1921.jpg,False,old P217 match lacks Louvre collection/location constraint; Wikidata P217 does not match catalog inventory; source title/filename/attribution disagree with catalog identity,QUARANTINED_MISMATCH,0.0,0.0
cl010060639,Vénus présente l'Amour à Jupiter,"Le Sueur, Eustache",,wikimedia_commons,"https://commons.wikimedia.org/wiki/File:Eustache_Le_Sueur._Life_of_Cupid_-_Venus_Presents_Cupid_to_Jupiter,_1646-1647.jpg",Q29846221,"Eustache_Le_Sueur._Life_of_Cupid_-_Venus_Presents_Cupid_to_Jupiter,_1646-1647.jpg",,APPROVED,Public domain,wikidata_p217_inventory_exact,Vénus présente l'amour à Jupiter,INV 8051;MR 2059,"Eustache Le Sueur. Life of Cupid - Venus Presents Cupid to Jupiter, 1646-1647.jpg",False,Wikidata P217 inventory + P18 file + strong title/metadata agreement,VERIFIED,0.4615,0.3636
cl010060677,Paysage au pont,"Swanevelt, Herman van",,wikimedia_commons,https://commons.wikimedia.org/wiki/File:Francin_-_Christ_%C3%A0_la_colonne_02.jpg,Q19405063,Francin_-_Christ_à_la_colonne_02.jpg,,APPROVED,CC BY-SA 4.0,wikidata_p217_inventory_exact,"Christ à la colonne, Francin",MR 1856,Francin - Christ à la colonne 02.jpg,False,old P217 match lacks Louvre collection/location constraint; Wikidata P217 does not match catalog inventory; source title/filename/attribution disagree with catalog identity,QUARANTINED_MISMATCH,0.0,0.0
cl010061079,Le Christ parmi les docteurs,"Serodine, Giovanni",,wikimedia_commons,https://commons.wikimedia.org/wiki/File:G_Serodine_Cristo_entre_los_doctores_1625_Louvre.jpg,Q18572310,G_Serodine_Cristo_entre_los_doctores_1625_Louvre.jpg,,APPROVED,Public domain,wikidata_p217_inventory_exact,Christ among the Doctors,RF 1983 4;RF 1983-4,G Serodine Cristo entre los doctores 1625 Louvre.jpg,False,insufficient strong identity evidence,UNRESOLVED,0.2,0.0833
cl010061954,Le Christ en croix,"Tournier, Nicolas",,wikimedia_commons,https://commons.wikimedia.org/wiki/File:Nicolas_Tournier_-_Crucifixion_-_WGA23037.jpg,Q19820123,Nicolas_Tournier_-_Crucifixion_-_WGA23037.jpg,,APPROVED,Public domain,wikidata_p217_inventory_exact,"Christ on the Cross, Mary, Mary Magdelene, Saint John and Saint Francis of Paola",INV 20007,Nicolas Tournier - Crucifixion - WGA23037.jpg,False,insufficient strong identity evidence,UNRESOLVED,0.2,0.0769
cl010062006,Henri IV faisant entrer des vivres dans Paris (août 1590),"Vincent, François-André",,wikimedia_commons,https://commons.wikimedia.org/wiki/File:Fran%C3%A7ois-Andr%C3%A9_Vincent_-_Henri_IV_faisant_entrer_des_vivres_dans_Paris.jpg,Q19006477,François-André_Vincent_-_Henri_IV_faisant_entrer_des_vivres_dans_Paris.jpg,,APPROVED,Public domain,wikidata_p217_inventory_exact,Henri IV faisant entrer des vivres dans Paris,INV 8458;MR 2689,François-André Vincent - Henri IV faisant entrer des vivres dans Paris.jpg,False,Wikidata P217 inventory + P18 file + strong title/metadata agreement,VERIFIED,0.6923,0.5455
cl010062115,Paysage traversé par une rivière avec quatre mulets chargés et trois bohémiennes,"Momper, Joos de",,wikimedia_commons,"https://commons.wikimedia.org/wiki/File:MuMA_-_Boudin_-_Venise,_la_Piazzetta_vue_du_Grand_Canal.JPG",Q18918082,"MuMA_-_Boudin_-_Venise,_la_Piazzetta_vue_du_Grand_Canal.JPG",,APPROVED,Public domain,wikidata_p217_inventory_exact,"Venice, the Piazzetta Seen from the Canal Grande",B 219,"MuMA - Boudin - Venise, la Piazzetta vue du Grand Canal.JPG",False,old P217 match lacks Louvre collection/location constraint; Wikidata P217 does not match catalog inventory; source title/filename/attribution disagree with catalog identity,QUARANTINED_MISMATCH,0.0,0.0
cl010062364,Hersilie séparant Romulus et Tatius,"Le Guerchin (Barbieri, Giovanni Francesco, dit Il Guercino)",,wikimedia_commons,https://commons.wikimedia.org/wiki/File:Guercino_Romolo_Tazio.jpg,Q18572413,Guercino_Romolo_Tazio.jpg,,APPROVED,Public domain,wikidata_p217_inventory_exact,Hersilia Separating Romulus and Tatius,INV 85;MR 266,Guercino Romolo Tazio.jpg,False,insufficient strong identity evidence,UNRESOLVED,0.2,0.2222
cl010062670,Le Pont du Rialto à Venise,"Guardi, Francesco",,wikimedia_commons,https://commons.wikimedia.org/wiki/File:Pont_du_Rialto_Guardi_Louvre_RF1961-44.jpg,Q19009689,Pont_du_Rialto_Guardi_Louvre_RF1961-44.jpg,,APPROVED,Public domain,wikidata_p217_inventory_exact,The Rialto Bridge in Venice,RF 1961 44;RF 1961-44,Pont du Rialto Guardi Louvre RF1961-44.jpg,False,insufficient strong identity evidence,UNRESOLVED,0.25,0.25
cl010065806,Phèdre et Hippolyte,"Guérin, Pierre-Narcisse",,wikimedia_commons,"https://commons.wikimedia.org/wiki/File:Ph%C3%A8dre_et_Hippolyte,_par_Pierre-Narcisse_Gu%C3%A9rin.jpg",Q29855478,"Phèdre_et_Hippolyte,_par_Pierre-Narcisse_Guérin.jpg",,APPROVED,Public domain,wikidata_p217_inventory_exact,Phèdre et Hippolyte,INV 5182;MR 1791,"Phèdre et Hippolyte, par Pierre-Narcisse Guérin.jpg",False,Wikidata P217 inventory + P18 file + strong title/metadata agreement,VERIFIED,0.625,0.3333
cl010066306,Deux singes pillant une corbeille de fruits,"Snyders, Frans",,wikimedia_commons,https://commons.wikimedia.org/wiki/File:Frans_Snyders_-_Two_monkeys_raiding_a_fruit_basket.jpg,Q27039164,Frans_Snyders_-_Two_monkeys_raiding_a_fruit_basket.jpg,,APPROVED,Public domain,wikidata_p217_inventory_exact,Two monkeys raiding a fruit basket,RF 3046,Frans Snyders - Two monkeys raiding a fruit basket.jpg,False,insufficient strong identity evidence,UNRESOLVED,0.1429,0.0
cl010066538,La pêcheuse,"Puvis de Chavannes, Pierre",,wikimedia_commons,"https://commons.wikimedia.org/wiki/File:Pierre_puvis_de_chavannes,_la_pescatrice.jpg",Q29654874,"Pierre_puvis_de_chavannes,_la_pescatrice.jpg",,APPROVED,CC BY 3.0,wikidata_p217_inventory_exact,La Pêcheuse,RF 1961 68;RF 1961-68,"Pierre puvis de chavannes, la pescatrice.jpg",False,Wikidata P217 inventory + P18 file + strong title/metadata agreement,VERIFIED,0.5,0.2
cl010060866,Sainte Madeleine méditant dans la solitude,"Werff, Adriaen van der",,wikimedia_commons,https://commons.wikimedia.org/wiki/File:Adriaen_van_der_Werff_-_Sainte_Madeleine_m%C3%A9ditant_dans_la_solitude_0000141676_OG.JPG,Q29655518,Adriaen_van_der_Werff_-_Sainte_Madeleine_méditant_dans_la_solitude_0000141676_OG.JPG,,APPROVED,Public domain,wikidata_p217_inventory_exact,Penitent Magdalene reading,INV 1943;MR 1103,Adriaen van der Werff - Sainte Madeleine méditant dans la solitude 0000141676 OG.JPG,False,Wikidata P217 inventory + P18 file + strong title/metadata agreement,VERIFIED,0.5625,0.3846
cl010063603,Rome.,"Corot, Jean-Baptiste Camille",,wikimedia_commons,https://commons.wikimedia.org/wiki/File:Corot_-_Rome._RF_2605_F.jpg,Q29862764,Corot_-_Rome._RF_2605_F.jpg,,APPROVED,Public domain,wikidata_p217_inventory_exact,Rome,RF 2605 F,Corot - Rome. RF 2605 F.jpg,False,Wikidata P217 inventory + P18 file + strong title/metadata agreement,VERIFIED,0.625,0.3333
cl010063622,Le lac de Némi,"Corot, Jean-Baptiste Camille",,wikimedia_commons,"https://commons.wikimedia.org/wiki/File:Corot_-_Le_lac_de_N%C3%A9mi,_Vers_1844.jpg",Q29862746,"Corot_-_Le_lac_de_Némi,_Vers_1844.jpg",,APPROVED,Public domain,wikidata_p217_inventory_exact,Lake Nemi,RF 2605 C,"Corot - Le lac de Némi, Vers 1844.jpg",False,Wikidata P217 inventory + P18 file + strong title/metadata agreement,VERIFIED,0.5455,0.3333
cl010093027,Double base à griffes et colonnettes,France Île-de-France,,wikimedia_commons,https://commons.wikimedia.org/wiki/File:Hendrik_Willem_Mesdag_-_Boten_op_zee_bij_ondergaande_zon_-_RF_497_-_Mus%C3%A9e_d%27Orsay.jpg,Q17495641,Hendrik_Willem_Mesdag_-_Boten_op_zee_bij_ondergaande_zon_-_RF_497_-_Musée_d'Orsay.jpg,,APPROVED,Public domain,wikidata_p217_inventory_exact,Boats at sea with setting sun,RF 497,Hendrik Willem Mesdag - Boten op zee bij ondergaande zon - RF 497 - Musée d'Orsay.jpg,False,old P217 match lacks Louvre collection/location constraint; source title/filename/attribution disagree with catalog identity,QUARANTINED_MISMATCH,0.0,0.0
cl010093718,Scipion,Italie Toscane Florence,,wikimedia_commons,https://commons.wikimedia.org/wiki/File:Le_Cort%C3%A8ge_de_Th%C3%A9tis_-_Bartolomeo_di_Giovanni_-_Mus%C3%A9e_du_Louvre_Peintures_RF_1347.jpg,Q18565837,Le_Cortège_de_Thétis_-_Bartolomeo_di_Giovanni_-_Musée_du_Louvre_Peintures_RF_1347.jpg,,APPROVED,Public domain,wikidata_p217_inventory_exact,Procession of Thetis,RF 1347,Le Cortège de Thétis - Bartolomeo di Giovanni - Musée du Louvre Peintures RF 1347.jpg,False,old P217 match lacks Louvre collection/location constraint; source title/filename/attribution disagree with catalog identity,QUARANTINED_MISMATCH,0.0,0.0
cl010094016,Partie gauche d’un linteau décoré de l’Agneau divin (autrefois au centre) et portant une inscription,France Midi,,wikimedia_commons,https://commons.wikimedia.org/wiki/File:Monet_Zaandam_1871_Musee_d%27Orsay.jpg,Q17496194,Monet_Zaandam_1871_Musee_d'Orsay.jpg,,APPROVED,CC BY 3.0,wikidata_p217_inventory_exact,Zaandam,RF 1673,Monet Zaandam 1871 Musee d'Orsay.jpg,False,old P217 match lacks Louvre collection/location constraint; source title/filename/attribution disagree with catalog identity,QUARANTINED_MISMATCH,0.0,0.0
cl010094252,Prince triomphant accueilli par une femme à l'entrée d'une ville,États latins d'Orient,,wikimedia_commons,https://commons.wikimedia.org/wiki/File:%C3%89douard_Manet_-_Madame_Manet_ou_Piano.jpg,Q3505997,Édouard_Manet_-_Madame_Manet_ou_Piano.jpg,,APPROVED,Public domain,wikidata_p217_inventory_exact,Suzanne Manet Playing the Piano,RF 1994,Édouard Manet - Madame Manet ou Piano.jpg,False,old P217 match lacks Louvre collection/location constraint; source title/filename/attribution disagree with catalog identity,QUARANTINED_MISMATCH,0.0,0.0
cl010094718,La Sibylle Libyque (?),France Champagne,,wikimedia_commons,https://commons.wikimedia.org/wiki/File:La_Sibylle_Libyque_-_Mus%C3%A9e_du_Louvre_Sculptures_RF_2816.jpg,Q87453329,La_Sibylle_Libyque_-_Musée_du_Louvre_Sculptures_RF_2816.jpg,,APPROVED,CC0,wikidata_p217_inventory_exact,La Sibylle Libyque (?),RF 2816,La Sibylle Libyque - Musée du Louvre Sculptures RF 2816.jpg,False,insufficient strong identity evidence,UNRESOLVED,0.2,0.3333
cl010095499,Jean de Rostaing en oraison devant une statue de saint Jean-Baptiste,France,,wikimedia_commons,https://commons.wikimedia.org/wiki/File:Jean_de_Rostaing_en_oraison_devant_une_statue_de_saint_Jean-Baptiste_-_Mus%C3%A9e_du_Louvre_Sculptures_RF_4587_;_ENT_1996.14.jpg,Q87457704,Jean_de_Rostaing_en_oraison_devant_une_statue_de_saint_Jean-Baptiste_-_Musée_du_Louvre_Sculptures_RF_4587_;_ENT_1996.14.jpg,,APPROVED,CC0,wikidata_p217_inventory_exact,Jean de Rostaing en oraison devant une statue de saint Jean Baptiste,ENT 1996.14;RF 4587,Jean de Rostaing en oraison devant une statue de saint Jean-Baptiste - Musée du Louvre Sculptures RF 4587 ; ENT 1996.14.jpg,False,Wikidata P217 inventory + P18 file + strong title/metadata agreement,VERIFIED,0.381,0.5385
cl010096664,"Coupe du trésor de l'ordre du Saint-Esprit, d'une paire (MR 558)","Collaye, Jacques",,wikimedia_commons,https://commons.wikimedia.org/wiki/File:Nicolaes_Berchem_-_Le_Gu%C3%A9_m503604_04-004669_p.jpg,Q29656551,Nicolaes_Berchem_-_Le_Gué_m503604_04-004669_p.jpg,,APPROVED,Public domain,wikidata_p217_inventory_exact,Le Gué,INV 1038;MR 557,Nicolaes Berchem - Le Gué m503604 04-004669 p.jpg,False,old P217 match lacks Louvre collection/location constraint; source title/filename/attribution disagree with catalog identity,QUARANTINED_MISMATCH,0.0,0.0
cl010111772,Coupe couverte : Repas de divinités marines,"Court, Jean",,wikimedia_commons,https://commons.wikimedia.org/wiki/File:Rubens_Selbstbildnis_Siegerlandmuseum.jpg,Q111758773,Rubens_Selbstbildnis_Siegerlandmuseum.jpg,,APPROVED,Public domain,wikidata_p217_inventory_exact,Self-portrait,R 294,Rubens Selbstbildnis Siegerlandmuseum.jpg,False,old P217 match lacks Louvre collection/location constraint; source title/filename/attribution disagree with catalog identity,QUARANTINED_MISMATCH,0.0,0.0
cl010009267,statue naophore ; statue cube,,,wikimedia_commons,https://commons.wikimedia.org/wiki/File:James_Ensor_-_Flowers_and_Masks.jpg,Q24056026,James_Ensor_-_Flowers_and_Masks.jpg,,APPROVED,Public domain,wikidata_p217_inventory_exact,Flowers and Masks,A 71,James Ensor - Flowers and Masks.jpg,False,old P217 match lacks Louvre collection/location constraint; Wikidata P217 does not match catalog inventory; source title/filename/attribution disagree with catalog identity,QUARANTINED_MISMATCH,0.0,0.0
cl010024883,emblème d'Anouket,,,wikimedia_commons,https://commons.wikimedia.org/wiki/File:Anuket-N_3534-IMG_7831-gradient.jpg,Q56510891,Anuket-N_3534-IMG_7831-gradient.jpg,,APPROVED,CC BY-SA 3.0 fr,wikidata_p217_inventory_exact,Anuket-N 3534,N 3534,Anuket-N 3534-IMG 7831-gradient.jpg,False,old P217 match lacks Louvre collection/location constraint; source title/filename/attribution disagree with catalog identity,QUARANTINED_MISMATCH,0.0,0.0
cl010037229,sarcophage,,,wikimedia_commons,https://commons.wikimedia.org/wiki/File:Cercueil_de_Chelidona_-_Mus%C3%A9e_du_Louvre_Antiquit%C3%A9s_%C3%A9gyptiennes_N_2576_B_;_CC_243.jpg,Q119437469,Cercueil_de_Chelidona_-_Musée_du_Louvre_Antiquités_égyptiennes_N_2576_B_;_CC_243.jpg,,APPROVED,CC0,wikidata_p217_inventory_exact,Cercueil de Chelidona,CC 243;N 2576 B,Cercueil de Chelidona - Musée du Louvre Antiquités égyptiennes N 2576 B ; CC 243.jpg,False,old P217 match lacks Louvre collection/location constraint; Wikidata P217 does not match catalog inventory,QUARANTINED_MISMATCH,0.1818,0.0
cl010123045,Tablette : lettre du roi hittite au roi d'Ugarit,,,wikimedia_commons,https://commons.wikimedia.org/wiki/File:Tablet-AO_21091-IMG_3848-gradient.jpg,Q86702036,Tablet-AO_21091-IMG_3848-gradient.jpg,,APPROVED,CC BY-SA 3.0 fr,wikidata_p217_inventory_exact,Tablet-AO 21091,AO 21091,Tablet-AO 21091-IMG 3848-gradient.jpg,False,old P217 match lacks Louvre collection/location constraint; source title/filename/attribution disagree with catalog identity,QUARANTINED_MISMATCH,0.0,0.0
cl010154431,moulage ; relief mural,,,wikimedia_commons,https://commons.wikimedia.org/wiki/File:Taureau_androc%C3%A9phale_ail%C3%A9_-_Mus%C3%A9e_du_Louvre_Antiquit%C3%A9s_orientales_AO_30043.jpg,Q63677031,Taureau_androcéphale_ailé_-_Musée_du_Louvre_Antiquités_orientales_AO_30043.jpg,,APPROVED,CC0,wikidata_p217_inventory_exact,Reproduction of a winged bull with human head-AO 30043,AO 30043,Taureau androcéphale ailé - Musée du Louvre Antiquités orientales AO 30043.jpg,False,insufficient strong identity evidence,UNRESOLVED,0.1111,0.0
cl010258916,calice,,,wikimedia_commons,https://commons.wikimedia.org/wiki/File:Bucchero_chalice_Louvre_C627.jpg,Q87715107,Bucchero_chalice_Louvre_C627.jpg,,APPROVED,Public domain,wikidata_p217_inventory_exact,Etruscan bucchero high-legged chalice,C 627,Bucchero chalice Louvre C627.jpg,False,old P217 match lacks Louvre collection/location constraint; Wikidata P217 does not match catalog inventory; source title/filename/attribution disagree with catalog identity,QUARANTINED_MISMATCH,0.0,0.0
cl010267810,olla,,,wikimedia_commons,https://commons.wikimedia.org/wiki/File:Olla_-_Mus%C3%A9e_du_Louvre_AGER_LL_443_;_N_3108_;_D_20.jpg,Q123894990,Olla_-_Musée_du_Louvre_AGER_LL_443_;_N_3108_;_D_20.jpg,,APPROVED,CC0,wikidata_p217_inventory_exact,Olla avec protomés de têtes animales,D 20;LL 443;N 3108,Olla - Musée du Louvre AGER LL 443 ; N 3108 ; D 20.jpg,False,insufficient strong identity evidence,UNRESOLVED,0.0625,0.1
cl010277053,Aphrodite du type de la Vénus du Capitole,,,wikimedia_commons,https://commons.wikimedia.org/wiki/File:V%C3%A9nus_Borgh%C3%A8se_-_Mus%C3%A9e_du_Louvre_AGER_Ma_335_;_MR_369_;_N_530.jpg,Q13630165,Vénus_Borghèse_-_Musée_du_Louvre_AGER_Ma_335_;_MR_369_;_N_530.jpg,,APPROVED,CC0,wikidata_p217_inventory_exact,Borghese Venus,MR 369;Ma 335,Vénus Borghèse - Musée du Louvre AGER Ma 335 ; MR 369 ; N 530.jpg,False,insufficient strong identity evidence,UNRESOLVED,0.0588,0.0909
cl010114143,Intaille : la musique,,,wikimedia_commons,"https://commons.wikimedia.org/wiki/File:Annibale_Carracci,_Adorazione_dei_pastori,_Louvre.jpg",Q18572451,"Annibale_Carracci,_Adorazione_dei_pastori,_Louvre.jpg",,APPROVED,Public domain,wikidata_p217_inventory_exact,Nativity,INV 193;MR 111,"Annibale Carracci, Adorazione dei pastori, Louvre.jpg",False,old P217 match lacks Louvre collection/location constraint; source title/filename/attribution disagree with catalog identity,QUARANTINED_MISMATCH,0.0,0.0
cl010258031,manche de patère,,,wikimedia_commons,https://commons.wikimedia.org/wiki/File:Manche_de_pat%C3%A8re_en_forme_de_serpent_mangeant_une_cigale_-_Mus%C3%A9e_du_Louvre_AGER_Br_3059.jpg,Q118220251,Manche_de_patère_en_forme_de_serpent_mangeant_une_cigale_-_Musée_du_Louvre_AGER_Br_3059.jpg,,APPROVED,CC0,wikidata_p217_inventory_exact,manche de patère,Br 3059,Manche de patère en forme de serpent mangeant une cigale - Musée du Louvre AGER Br 3059.jpg,False,old P217 match lacks Louvre collection/location constraint; Wikidata P217 does not match catalog inventory,QUARANTINED_MISMATCH,0.125,0.2
cl010256830,applique de bijou,,,wikimedia_commons,https://commons.wikimedia.org/wiki/File:Griffin_protome_Louvre_Bj39.jpg,Q126679242,Griffin_protome_Louvre_Bj39.jpg,,APPROVED,Public domain,wikidata_p217_inventory_exact,applique de bijou,Bj 39;MNC 2378,Griffin protome Louvre Bj39.jpg,False,insufficient strong identity evidence,UNRESOLVED,0.1667,0.3333
cl010257549,couvercle de miroir,,,wikimedia_commons,https://commons.wikimedia.org/wiki/File:Couvercle_de_miroir_avec_d%C3%A9cor_d%27%C3%89ros_sur_un_dauphin_et_cygnes_-_Mus%C3%A9e_du_Louvre_AGER_MNC_1376.B_;_Br_1704.1.jpg,Q124792329,Couvercle_de_miroir_avec_décor_d'Éros_sur_un_dauphin_et_cygnes_-_Musée_du_Louvre_AGER_MNC_1376.B_;_Br_1704.1.jpg,,APPROVED,CC0,wikidata_p217_inventory_exact,Couvercle de miroir avec décor d'Éros sur un dauphin et cygnes,Br 1704.1;MNC 1376.B,Couvercle de miroir avec décor d'Éros sur un dauphin et cygnes - Musée du Louvre AGER MNC 1376.B ; Br 1704.1.jpg,False,insufficient strong identity evidence,UNRESOLVED,0.1,0.1429
cl010020762,vase à onguent,,,wikimedia_commons,https://commons.wikimedia.org/wiki/File:Cercueil_de_Chelidona_-_Mus%C3%A9e_du_Louvre_Antiquit%C3%A9s_%C3%A9gyptiennes_N_2576_B_;_CC_243.jpg,Q119437469,Cercueil_de_Chelidona_-_Musée_du_Louvre_Antiquités_égyptiennes_N_2576_B_;_CC_243.jpg,,APPROVED,CC0,wikidata_p217_inventory_exact,Cercueil de Chelidona,CC 243;N 2576 B,Cercueil de Chelidona - Musée du Louvre Antiquités égyptiennes N 2576 B ; CC 243.jpg,False,old P217 match lacks Louvre collection/location constraint; Wikidata P217 does not match catalog inventory,QUARANTINED_MISMATCH,0.1667,0.0
cl010112776,Ecran de feu,,,wikimedia_commons,"https://commons.wikimedia.org/wiki/File:Painting_of_the_family_of_Ferdinando_IV_(Angelica_Kauffmann,_1782).jpg",Q19985096,"Painting_of_the_family_of_Ferdinando_IV_(Angelica_Kauffmann,_1782).jpg",,APPROVED,Public domain,wikidata_p217_inventory_exact,Ferdinand I and His Family,OA 6557,"Painting of the family of Ferdinando IV (Angelica Kauffmann, 1782).jpg",False,old P217 match lacks Louvre collection/location constraint; source title/filename/attribution disagree with catalog identity,QUARANTINED_MISMATCH,0.0,0.0
cl010154081,brique,,,wikimedia_commons,https://commons.wikimedia.org/wiki/File:Pillar_Gudea_Louvre_AO388.jpg,Q87479639,Pillar_Gudea_Louvre_AO388.jpg,,APPROVED,Public domain,wikidata_p217_inventory_exact,Pillar of Gudea-AO 388,AO 388,Pillar Gudea Louvre AO388.jpg,False,old P217 match lacks Louvre collection/location constraint; Wikidata P217 does not match catalog inventory; source title/filename/attribution disagree with catalog identity,QUARANTINED_MISMATCH,0.0,0.0
cl010262830,arula,,,wikimedia_commons,https://commons.wikimedia.org/wiki/File:Arula_avec_d%C3%A9cor_du_combat_d%27H%C3%A9rakl%C3%A8s_contre_Triton_-_Mus%C3%A9e_du_Louvre_AGER_CA_5956.jpg,Q16329119,Arula_avec_décor_du_combat_d'Héraklès_contre_Triton_-_Musée_du_Louvre_AGER_CA_5956.jpg,,APPROVED,CC0,wikidata_p217_inventory_exact,Arula - Louvre CA 5956,CA 5956,Arula avec décor du combat d'Héraklès contre Triton - Musée du Louvre AGER CA 5956.jpg,False,insufficient strong identity evidence,UNRESOLVED,0.0588,0.0909
cl010275639,inscription,,,wikimedia_commons,https://commons.wikimedia.org/wiki/File:Honorific_inscription_Athens_Louvre_Ma156.jpg,Q20018455,Honorific_inscription_Athens_Louvre_Ma156.jpg,,APPROVED,Public domain,wikidata_p217_inventory_exact,"Honorific inscription praising Aristoxenos, son of Demophon",LL 159;Ma 156,Honorific inscription Athens Louvre Ma156.jpg,False,insufficient strong identity evidence,UNRESOLVED,0.0625,0.1111
cl010373902,figue de sycomore,,,wikimedia_commons,https://commons.wikimedia.org/wiki/File:Marcus_Aurelius_Louvre_MR561_n02.jpg,Q137606598,Marcus_Aurelius_Louvre_MR561_n02.jpg,,APPROVED,CC BY 2.5,wikidata_p217_inventory_exact,Portrait of Marcus Aurelius,MR 561;Ma 1166;N 1416,Marcus Aurelius Louvre MR561 n02.jpg,False,old P217 match lacks Louvre collection/location constraint; source title/filename/attribution disagree with catalog identity,QUARANTINED_MISMATCH,0.0,0.0
cl010004929,modèle de sculpteur,,,wikimedia_commons,https://commons.wikimedia.org/wiki/File:Egypte_louvre_013.jpg,Q106689206,Egypte_louvre_013.jpg,,APPROVED,CC BY-SA 1.0,wikidata_p217_inventory_exact,poussin de caille,E 11129,Egypte louvre 013.jpg,False,old P217 match lacks Louvre collection/location constraint; source title/filename/attribution disagree with catalog identity,QUARANTINED_MISMATCH,0.0,0.0
cl010013456,statue cube,,,wikimedia_commons,https://commons.wikimedia.org/wiki/File:Louvre-Lens_(Abydos).JPG,Q112915104,Louvre-Lens_(Abydos).JPG,,APPROVED,CC BY-SA 4.0,wikidata_p217_inventory_exact,Homme accroupi (statue-cube inscrite) : offrande du roi au bénéfice d'un employé nommé Ser,A76;AF 576;N 77,Louvre-Lens (Abydos).JPG,False,insufficient strong identity evidence,UNRESOLVED,0.1,0.1429
cl010002360,Statue de Tiy et Amenhotep III,,,wikimedia_commons,https://commons.wikimedia.org/wiki/File:La_reine_Tiy_aux_c%C3%B4t%C3%A9s_du_roi_Am%C3%A9nophis_III_-_Mus%C3%A9e_du_Louvre_Antiquit%C3%A9s_%C3%A9gyptiennes_N_2312_;_E_25493_-_photo_2.jpg,Q15935142,La_reine_Tiy_aux_côtés_du_roi_Aménophis_III_-_Musée_du_Louvre_Antiquités_égyptiennes_N_2312_;_E_25493_-_photo_2.jpg,,APPROVED,CC0,wikidata_p217_inventory_exact,Queen Tiye,E 25493;N 2312,La reine Tiy aux côtés du roi Aménophis III - Musée du Louvre Antiquités égyptiennes N 2312 ; E 25493 - photo 2.jpg,False,old P217 match lacks Louvre collection/location constraint; Wikidata P217 does not match catalog inventory,QUARANTINED_MISMATCH,0.2,0.1111
cl010003776,Buste d'Akhénaton,,,wikimedia_commons,https://commons.wikimedia.org/wiki/File:Am%C3%A9nophis_IV-Akh%C3%A9naton_-_Mus%C3%A9e_du_Louvre_Antiquit%C3%A9s_%C3%A9gyptiennes_E_27112_-_photo_2.jpg,Q20890290,Aménophis_IV-Akhénaton_-_Musée_du_Louvre_Antiquités_égyptiennes_E_27112_-_photo_2.jpg,,APPROVED,CC0,wikidata_p217_inventory_exact,Akhenaten-E 27112,E 27112,Aménophis IV-Akhénaton - Musée du Louvre Antiquités égyptiennes E 27112 - photo 2.jpg,False,insufficient strong identity evidence,UNRESOLVED,0.25,0.1
cl010004172,statue de couple,,,wikimedia_commons,https://commons.wikimedia.org/wiki/File:Ankhudjes_and_Tepemnefret-E_25368-E_25369-IMG_9737-gradient.jpg,Q63385731,Ankhudjes_and_Tepemnefret-E_25368-E_25369-IMG_9737-gradient.jpg,,APPROVED,Public domain,wikidata_p217_inventory_exact,Ankhudjes and Tepemnefret-E 25368-E 25369,E 25368;E 25369,Ankhudjes and Tepemnefret-E 25368-E 25369-IMG 9737-gradient.jpg,False,old P217 match lacks Louvre collection/location constraint; source title/filename/attribution disagree with catalog identity,QUARANTINED_MISMATCH,0.0,0.0
cl010006304,statue porte enseigne,,,wikimedia_commons,https://commons.wikimedia.org/wiki/File:Standard_bearer-N_1575-IMG_0430-gradient.jpg,Q58485112,Standard_bearer-N_1575-IMG_0430-gradient.jpg,,APPROVED,CC BY-SA 3.0 fr,wikidata_p217_inventory_exact,Standard bearer-N 1575,N 1575,Standard bearer-N 1575-IMG 0430-gradient.jpg,False,old P217 match lacks Louvre collection/location constraint; source title/filename/attribution disagree with catalog identity,QUARANTINED_MISMATCH,0.0,0.0
cl010009796,plateau de jeu de tchaou,,,wikimedia_commons,https://commons.wikimedia.org/wiki/File:Plateau_de_jeu_de_tchaou_-_Mus%C3%A9e_du_Louvre_Antiquit%C3%A9s_%C3%A9gyptiennes_E_14449.jpg,Q120130376,Plateau_de_jeu_de_tchaou_-_Musée_du_Louvre_Antiquités_égyptiennes_E_14449.jpg,,APPROVED,CC0,wikidata_p217_inventory_exact,plateau de jeu de tchaou,E 14449,Plateau de jeu de tchaou - Musée du Louvre Antiquités égyptiennes E 14449.jpg,False,Wikidata P217 inventory + P18 file + strong title/metadata agreement,VERIFIED,0.5,0.375
cl010033473,stèle d'Horus,,,wikimedia_commons,https://commons.wikimedia.org/wiki/File:St%C3%A8le_d%27Horus_-_Mus%C3%A9e_du_Louvre_Antiquit%C3%A9s_%C3%A9gyptiennes_E_930.jpg,Q63350857,Stèle_d'Horus_-_Musée_du_Louvre_Antiquités_égyptiennes_E_930.jpg,,APPROVED,CC0,wikidata_p217_inventory_exact,Stele Horus on crocodiles-E 930,E 930,Stèle d'Horus - Musée du Louvre Antiquités égyptiennes E 930.jpg,False,Wikidata P217 inventory + P18 file + strong title/metadata agreement,VERIFIED,0.4,0.25
cl010037554,portrait de momie,,,wikimedia_commons,https://commons.wikimedia.org/wiki/File:Portrait_de_momie_-_Mus%C3%A9e_du_Louvre_Antiquit%C3%A9s_%C3%89gyptiennes_N_2733_1_;_LP_412_;_P_200.jpg,Q116963597,Portrait_de_momie_-_Musée_du_Louvre_Antiquités_Égyptiennes_N_2733_1_;_LP_412_;_P_200.jpg,,APPROVED,Public domain,wikidata_p217_inventory_exact,portrait de femme,LP 412;N 2733 1,Portrait de momie - Musée du Louvre Antiquités Égyptiennes N 2733 1 ; LP 412 ; P 200.jpg,False,Wikidata P217 inventory + P18 file + strong title/metadata agreement,VERIFIED,0.3077,0.2
cl010014478,stèle cintrée,,,wikimedia_commons,https://commons.wikimedia.org/wiki/File:Petrus_Johannes_van_Regemorter_-_Interieur_van_de_voormalige_Sint-Joriskerk_in_Antwerpen_-_1328_-_Royal_Museum_of_Fine_Arts_Antwerp.tiff,Q21618910,Petrus_Johannes_van_Regemorter_-_Interieur_van_de_voormalige_Sint-Joriskerk_in_Antwerpen_-_1328_-_Royal_Museum_of_Fine_Arts_Antwerp.tiff,,APPROVED,Public domain,wikidata_p217_inventory_exact,Interior of the Former Church of Saint George in Antwerp,1328,Petrus Johannes van Regemorter - Interieur van de voormalige Sint-Joriskerk in Antwerpen - 1328 - Royal Museum of Fine Arts Antwerp.tiff,False,old P217 match lacks Louvre collection/location constraint; Wikidata P217 does not match catalog inventory; source title/filename/attribution disagree with catalog identity,QUARANTINED_MISMATCH,0.0,0.0
cl010002359,Taharqa et Hémen,,,wikimedia_commons,https://commons.wikimedia.org/wiki/File:Taharqa_et_H%C3%A9men_-_Mus%C3%A9e_du_Louvre_Antiquit%C3%A9s_%C3%A9gyptiennes_E_25276.jpg,Q49473879,Taharqa_et_Hémen_-_Musée_du_Louvre_Antiquités_égyptiennes_E_25276.jpg,,APPROVED,CC0,wikidata_p217_inventory_exact,Taharqa presenting god Hemen with wine,E 25276,Taharqa et Hémen - Musée du Louvre Antiquités égyptiennes E 25276.jpg,False,Wikidata P217 inventory + P18 file + strong title/metadata agreement,VERIFIED,0.3333,0.2
cl010002919,figurine ; alabastron ; vase plastique,,,wikimedia_commons,https://commons.wikimedia.org/wiki/File:Vase_depicting_a_young_woman_carrying_an_alabastron-IMG_2298-gradient.jpg,Q66087602,Vase_depicting_a_young_woman_carrying_an_alabastron-IMG_2298-gradient.jpg,,APPROVED,CC BY-SA 3.0 fr,wikidata_p217_inventory_exact,Vase depicting a young woman carrying an alabastron,E 17186,Vase depicting a young woman carrying an alabastron-IMG 2298-gradient.jpg,False,insufficient strong identity evidence,UNRESOLVED,0.1333,0.1818
cl010003649,plaquette,,,wikimedia_commons,https://commons.wikimedia.org/wiki/File:David_von_Krafft_-_Nuori_nainen_-_S_268_-_Finnish_National_Gallery.jpg,Q20796962,David_von_Krafft_-_Nuori_nainen_-_S_268_-_Finnish_National_Gallery.jpg,,APPROVED,Public domain,wikidata_p217_inventory_exact,,S 268,David von Krafft - Nuori nainen - S 268 - Finnish National Gallery.jpg,False,old P217 match lacks Louvre collection/location constraint; Wikidata P217 does not match catalog inventory; source title/filename/attribution disagree with catalog identity,QUARANTINED_MISMATCH,0.0,0.0
cl010006103,statue de groupe,,,wikimedia_commons,https://commons.wikimedia.org/wiki/File:Senusret_and_daugther-N_1606-IMG_2953-gradient.jpg,Q84719515,Senusret_and_daugther-N_1606-IMG_2953-gradient.jpg,,APPROVED,CC BY-SA 3.0 fr,wikidata_p217_inventory_exact,Senusret and daugther-N 1606,N 1606,Senusret and daugther-N 1606-IMG 2953-gradient.jpg,False,old P217 match lacks Louvre collection/location constraint; source title/filename/attribution disagree with catalog identity,QUARANTINED_MISMATCH,0.0,0.0
cl010006294,égide et contrepoids de collier,,,wikimedia_commons,https://commons.wikimedia.org/wiki/File:Tauberbischofsheimer_Altar_(3).jpg,Q2396579,Tauberbischofsheimer_Altar_(3).jpg,,APPROVED,CC BY-SA 4.0,wikidata_p217_inventory_exact,Tauberbischofsheim altarpiece,993;994,Mathis Gothart Grünewald 058.jpg;Mathis Gothart Grünewald 060.jpg;Tauberbischofsheimer Altar (3).jpg,False,old P217 match lacks Louvre collection/location constraint; Wikidata P217 does not match catalog inventory; source title/filename/attribution disagree with catalog identity,QUARANTINED_MISMATCH,0.0,0.0
cl010006508,figurine ; vase plastique,,,wikimedia_commons,https://commons.wikimedia.org/wiki/File:Tawaret-E_14231-IMG_2306.JPG,Q66087744,Tawaret-E_14231-IMG_2306.JPG,,APPROVED,CC BY-SA 3.0 fr,wikidata_p217_inventory_exact,Tawaret-E 14231,E 14231,Tawaret-E 14231-IMG 2306.JPG,False,old P217 match lacks Louvre collection/location constraint; source title/filename/attribution disagree with catalog identity,QUARANTINED_MISMATCH,0.0,0.0
cl010007556,figurine d'Osiris ; figurine d'Isis ; figurine de donateur,,,wikimedia_commons,https://commons.wikimedia.org/wiki/File:Louis_Derickx_-_Storm.jpg,Q21618851,Louis_Derickx_-_Storm.jpg,,APPROVED,Public domain,wikidata_p217_inventory_exact,Thunderstorm,1256,Louis Derickx - Onweer - 1256 - Royal Museum of Fine Arts Antwerp.tiff;Louis Derickx - Storm.jpg,False,old P217 match lacks Louvre collection/location constraint; Wikidata P217 does not match catalog inventory; source title/filename/attribution disagree with catalog identity,QUARANTINED_MISMATCH,0.0,0.0
cl010011364,relief mural ; bloc de paroi,,,wikimedia_commons,https://commons.wikimedia.org/wiki/File:Boudin_view_of_Caudebec-en-Caux.jpg,Q18918066,Boudin_view_of_Caudebec-en-Caux.jpg,,APPROVED,CC BY-SA 4.0,wikidata_p217_inventory_exact,"Seine, Caudebec-en-Caux",B 12,"Boudin view of Caudebec-en-Caux.jpg;MuMA - Boudin - La Seine, Caudebec-en-Caux.JPG",False,old P217 match lacks Louvre collection/location constraint; Wikidata P217 does not match catalog inventory; source title/filename/attribution disagree with catalog identity,QUARANTINED_MISMATCH,0.0,0.0
cl010113285,Châsse : Crucifixion entre deux apôtres ; Christ en majesté parmi quatre apôtres,,,wikimedia_commons,https://commons.wikimedia.org/wiki/File:Ch%C3%A2sse_Louvre_OA_6183.jpg,Q115860615,Châsse_Louvre_OA_6183.jpg,,APPROVED,CC BY-SA 4.0,wikidata_p217_inventory_exact,Châsse avec décor de Crucifixion entre deux apôtres (A) et Christ en majesté parmi quatre apôtres (B),OA 6183,Châsse Louvre OA 6183.jpg,False,Wikidata P217 inventory + P18 file + strong title/metadata agreement,VERIFIED,0.4091,0.6923
cl010122697,orthostate,,,wikimedia_commons,https://commons.wikimedia.org/wiki/File:Person_carrying_an_ibex_and_poppy_flower-AO_19872-panoramio_(12).jpeg,Q63704086,Person_carrying_an_ibex_and_poppy_flower-AO_19872-panoramio_(12).jpeg,,APPROVED,Public domain,wikidata_p217_inventory_exact,Person carrying an ibex and poppy flower-AO 19872,AO 19872,Person carrying an ibex and poppy flower-AO 19872-panoramio (12).jpeg,False,old P217 match lacks Louvre collection/location constraint; source title/filename/attribution disagree with catalog identity,QUARANTINED_MISMATCH,0.0,0.0
cl010005261,Stèle de Néfertiabet,,,wikimedia_commons,https://commons.wikimedia.org/wiki/File:Princess_Nefertiabet_before_her_meal-E_15591-IMG_9645-gradient.jpg,Q58004950,Princess_Nefertiabet_before_her_meal-E_15591-IMG_9645-gradient.jpg,,APPROVED,CC BY-SA 3.0 fr,wikidata_p217_inventory_exact,Stele of Nefertiabet-E 15591,E 15591,Princess Nefertiabet before her meal-E 15591-IMG 9645-gradient.jpg,False,insufficient strong identity evidence,UNRESOLVED,0.1429,0.2
cl010009499,relief mural ; bloc de paroi,,,wikimedia_commons,"https://commons.wikimedia.org/wiki/File:Entr%C3%A9e_des_jet%C3%A9es_du_Havre_par_gros_temps_(Eug%C3%A8ne_Boudin,_1824-1898).jpg",Q18918039,"Entrée_des_jetées_du_Havre_par_gros_temps_(Eugène_Boudin,_1824-1898).jpg",,APPROVED,CC BY-SA 2.0,wikidata_p217_inventory_exact,Entrance to the Le Havre piers in heavy weather,B 10;B10,"Entrée des jetées du Havre par gros temps (Eugène Boudin, 1824-1898).jpg;Eugène Boudin, Entrée des jetées du Havre par gros temps, 1895.jpg",False,old P217 match lacks Louvre collection/location constraint; Wikidata P217 does not match catalog inventory; source title/filename/attribution disagree with catalog identity,QUARANTINED_MISMATCH,0.0,0.0
cl010010848,relief mural ; bloc de paroi,,,wikimedia_commons,"https://commons.wikimedia.org/wiki/File:Barlach,_Ernst_-_Vision.jpg",Q135643831,"Barlach,_Ernst_-_Vision.jpg",,APPROVED,Public domain,wikidata_p217_inventory_exact,The Vision,B 73,"Barlach, Ernst - Vision.jpg",False,old P217 match lacks Louvre collection/location constraint; Wikidata P217 does not match catalog inventory; source title/filename/attribution disagree with catalog identity,QUARANTINED_MISMATCH,0.0,0.0
cl010020438,plaquette  ; incrustation,,,wikimedia_commons,https://commons.wikimedia.org/wiki/File:Foreign_prisoner-E_7691_A-IMG_0411-gradient.jpg,Q65088634,Foreign_prisoner-E_7691_A-IMG_0411-gradient.jpg,,APPROVED,CC BY-SA 3.0 fr,wikidata_p217_inventory_exact,Foreign prisoner-E 7691 A,E 7691 A,Foreign prisoner-E 7691 A-IMG 0411-gradient.jpg,False,old P217 match lacks Louvre collection/location constraint; source title/filename/attribution disagree with catalog identity,QUARANTINED_MISMATCH,0.0,0.0
cl010130362,plaque de mors,,,wikimedia_commons,https://commons.wikimedia.org/wiki/File:Plaque_de_mors_en_forme_de_g%C3%A9nie_ail%C3%A9_et_cornu_-_Mus%C3%A9e_du_Louvre_Antiquit%C3%A9s_orientales_AO_20530.jpg,Q121143257,Plaque_de_mors_en_forme_de_génie_ailé_et_cornu_-_Musée_du_Louvre_Antiquités_orientales_AO_20530.jpg,,APPROVED,CC0,wikidata_p217_inventory_exact,Cheek plate in the form of a winged genius with horns,AO 20530,Plaque de mors en forme de génie ailé et cornu - Musée du Louvre Antiquités orientales AO 20530.jpg,False,insufficient strong identity evidence,UNRESOLVED,0.2105,0.1176
cl010007335,vase plastique,,,wikimedia_commons,https://commons.wikimedia.org/wiki/File:Vase_plastique_en_forme_de_tortue_-_Mus%C3%A9e_du_Louvre_Antiquit%C3%A9s_%C3%A9gyptiennes_E_11175.jpg,Q58883641,Vase_plastique_en_forme_de_tortue_-_Musée_du_Louvre_Antiquités_égyptiennes_E_11175.jpg,,APPROVED,CC0,wikidata_p217_inventory_exact,Tortoise-E 11175,E 11175,Vase plastique en forme de tortue - Musée du Louvre Antiquités égyptiennes E 11175.jpg,False,Wikidata P217 inventory + P18 file + strong title/metadata agreement,VERIFIED,0.3333,0.2
cl010008959,vase double,,,wikimedia_commons,https://commons.wikimedia.org/wiki/File:Double_vase-E_10838_B-IMG_9481-gradient.jpg,Q64896984,Double_vase-E_10838_B-IMG_9481-gradient.jpg,,APPROVED,CC BY-SA 3.0 fr,wikidata_p217_inventory_exact,Double vase-E 10838 B,E 10838 B,Double vase-E 10838 B-IMG 9481-gradient.jpg,False,insufficient strong identity evidence,UNRESOLVED,0.2,0.3333
cl010022843,Stèle de Sénouséret,,,wikimedia_commons,https://commons.wikimedia.org/wiki/File:Lesongedejoseph_N172-739.jpg,Q56599275,Lesongedejoseph_N172-739.jpg,,APPROVED,CC BY-SA 4.0,wikidata_p217_inventory_exact,Chapiteau avec scène de l'Annonciation et du Songe de Joseph,N 172,Lesongedejoseph N172-739.jpg;Lesongedejoseph N172-740.jpg;Lesongedejoseph N172-741.jpg,False,old P217 match lacks Louvre collection/location constraint; source title/filename/attribution disagree with catalog identity,QUARANTINED_MISMATCH,0.0,0.0
cl010025361,stèle cintrée ; stèle à un registre,,,wikimedia_commons,https://commons.wikimedia.org/wiki/File:F5394_Louvre_expo_Napata_stele_Ousersatet_rwk.jpg,Q115566232,F5394_Louvre_expo_Napata_stele_Ousersatet_rwk.jpg,,APPROVED,CC BY-SA 4.0,wikidata_p217_inventory_exact,Stele of the vice-roy of Kush,E 17341,F5394 Louvre expo Napata stele Ousersatet rwk.jpg,False,insufficient strong identity evidence,UNRESOLVED,0.0625,0.0833
cl010123460,peinture murale,,,wikimedia_commons,https://commons.wikimedia.org/wiki/File:Peinture_murale_avec_sc%C3%A8ne_de_chasse_-_Mus%C3%A9e_du_Louvre_Antiquit%C3%A9s_orientales_AO_17310_-_photo_2.jpg,Q106874005,Peinture_murale_avec_scène_de_chasse_-_Musée_du_Louvre_Antiquités_orientales_AO_17310_-_photo_2.jpg,,APPROVED,CC0,wikidata_p217_inventory_exact,Hunting Scene Wall Plaster,AO 17310,"Dura-Europos archival photograph, YUAG negative number dura-g826a~01 -object-id-3599.jpg;Peinture murale avec scène de chasse - Musée du Louvre Antiquités orientales AO 17310 - photo 2.jpg",True,Wikidata P217 inventory + Louvre collection/location + P18 file + title/metadata agreement,VERIFIED,0.25,0.1429
cl010219987,Main de marionnette,,,wikimedia_commons,https://commons.wikimedia.org/wiki/File:Pieter_Rysbraeck_-_Italienische_Landschaft_-_7451_-_Bavarian_State_Painting_Collections.jpg,Q29918969,Pieter_Rysbraeck_-_Italienische_Landschaft_-_7451_-_Bavarian_State_Painting_Collections.jpg,,APPROVED,Public domain,wikidata_p217_inventory_exact,,7451,Pieter Rysbraeck - Italienische Landschaft - 7451 - Bavarian State Painting Collections.jpg,False,old P217 match lacks Louvre collection/location constraint; Wikidata P217 does not match catalog inventory; source title/filename/attribution disagree with catalog identity,QUARANTINED_MISMATCH,0.0,0.0
cl010149285,vase,,,wikimedia_commons,https://commons.wikimedia.org/wiki/File:1475_Muttergottes_Madonna_and_Child_Bodemuseum_anagoria.JPG,Q128053640,1475_Muttergottes_Madonna_and_Child_Bodemuseum_anagoria.JPG,,APPROVED,CC BY 3.0,wikidata_p217_inventory_exact,,M. 138,1475 Muttergottes Madonna and Child Bodemuseum anagoria.JPG,False,old P217 match lacks Louvre collection/location constraint; Wikidata P217 does not match catalog inventory; source title/filename/attribution disagree with catalog identity,QUARANTINED_MISMATCH,0.0,0.0
cl010148866,hache,,,wikimedia_commons,https://commons.wikimedia.org/wiki/File:Axe-AO_24013-IMG_0774.JPG,Q112288147,Axe-AO_24013-IMG_0774.JPG,,APPROVED,CC BY-SA 3.0 fr,wikidata_p217_inventory_exact,Axehead,AO 24013,Axe-AO 24013-IMG 0774.JPG,False,old P217 match lacks Louvre collection/location constraint; source title/filename/attribution disagree with catalog identity,QUARANTINED_MISMATCH,0.0,0.0
cl010257984,statuette,,,wikimedia_commons,https://commons.wikimedia.org/wiki/File:Domenico_Fetti_-_The_Guardian_Angel_Protecting_a_Child_from_the_Empire_of_the_Demon_-_WGA7849.jpg,Q18573333,Domenico_Fetti_-_The_Guardian_Angel_Protecting_a_Child_from_the_Empire_of_the_Demon_-_WGA7849.jpg,,APPROVED,Public domain,wikidata_p217_inventory_exact,The Guardian Angel,INV 282;MR 214,Domenico Fetti - The Guardian Angel Protecting a Child from the Empire of the Demon - WGA7849.jpg,False,old P217 match lacks Louvre collection/location constraint; Wikidata P217 does not match catalog inventory; source title/filename/attribution disagree with catalog identity,QUARANTINED_MISMATCH,0.0,0.0
cl010118606,Plaquette : femme allaitant,,,wikimedia_commons,https://commons.wikimedia.org/wiki/File:Fran%C3%A7oise_Foliot_-_Femme_allaitant.jpg,Q74709934,Françoise_Foliot_-_Femme_allaitant.jpg,,APPROVED,CC BY-SA 4.0,wikidata_p217_inventory_exact,woman with child-AO 12570,AO 12570,Françoise Foliot - Femme allaitant.jpg,False,insufficient strong identity evidence,UNRESOLVED,0.1818,0.25
cl010118358,modèle,,,wikimedia_commons,https://commons.wikimedia.org/wiki/File:Comb-like_idole-AO_17589-IMG_4635-gradient.jpg,Q55065701,Comb-like_idole-AO_17589-IMG_4635-gradient.jpg,,APPROVED,CC BY-SA 3.0 fr,wikidata_p217_inventory_exact,Comb-like idole-AO 17589,AO 17589,Comb-like idole-AO 17589-IMG 4635-gradient.jpg,False,old P217 match lacks Louvre collection/location constraint; source title/filename/attribution disagree with catalog identity,QUARANTINED_MISMATCH,0.0,0.0
cl010279209,statue,,,wikimedia_commons,https://commons.wikimedia.org/wiki/File:Maenad_Louvre_Ma_911.jpg,Q106045575,Maenad_Louvre_Ma_911.jpg,,APPROVED,Public domain,wikidata_p217_inventory_exact,"Ménade, Bacchante",MR 101;Ma 911,Maenad Louvre Ma 911.jpg,False,old P217 match lacks Louvre collection/location constraint; source title/filename/attribution disagree with catalog identity,QUARANTINED_MISMATCH,0.0,0.0
